--
-- PostgreSQL database dump
--

\restrict VYOf6ReWnZFPe7xYMi555CENIUhkRBesS2eRvEC9ipA74lO8oseSf9UeTYyM5nH

-- Dumped from database version 16.14
-- Dumped by pg_dump version 16.14

SET statement_timeout = 0;
SET lock_timeout = 0;
SET idle_in_transaction_session_timeout = 0;
SET client_encoding = 'UTF8';
SET standard_conforming_strings = on;
SELECT pg_catalog.set_config('search_path', '', false);
SET check_function_bodies = false;
SET xmloption = content;
SET client_min_messages = warning;
SET row_security = off;

--
-- Data for Name: _prisma_migrations; Type: TABLE DATA; Schema: public; Owner: -
--

COPY public._prisma_migrations (id, checksum, finished_at, migration_name, logs, rolled_back_at, started_at, applied_steps_count) FROM stdin;
564161f1-5891-4dd9-a291-f564a401ac49	07df7f58d71866a068cbdb17bf6c61796397dbede5717da681132ce402db4e41	2026-06-02 13:46:55.143029+00	20260602134655_add_ai_rules_and_knowledge_chunks	\N	\N	2026-06-02 13:46:55.128749+00	1
c44023f3-b02b-409a-a59e-7fac5d391e16	2329c0846e04296c07f987b9fe7b94bd75d568dbbfa2c29d4b4a80d2601374e4	2026-05-29 15:56:55.918657+00	20260529155655_init	\N	\N	2026-05-29 15:56:55.885019+00	1
dfc23860-1d7a-4b08-99ef-24435c3fcd0b	628e40a1c4f293ab7d0d75189075d113e08683e50199002972f4eb56dbcd9123	2026-05-29 21:48:33.391727+00	20260529214440_add_password_hash	\N	\N	2026-05-29 21:48:33.389578+00	1
b2f425e9-4c99-41e5-9341-d5c7631271d6	ce2cf07c71282fc5a4618c5e5c1643f775af1dfcec6c449ce9eb8f5b7092eedb	2026-05-30 10:59:18.523829+00	20260530105918_add_user_login_and_password_change	\N	\N	2026-05-30 10:59:18.521354+00	1
7b19b4ae-af95-411c-a7c2-e26ff8430870	648506a9f90ea29dae338f23cba08733f13bfb38be2f21f5db1c6cdae6ccb0c5	2026-07-17 18:22:06.463791+00	20260717182206_add_aiconfig_focus_and_knowledge	\N	\N	2026-07-17 18:22:06.460154+00	1
df2e3859-4c07-4e8e-86fc-218d4b142c8d	bcc75670e9d42b45420daad53ab141f7fcd985be4157c456a3ff661484de853f	2026-06-01 12:32:34.966989+00	20260601123234_add_database_backup	\N	\N	2026-06-01 12:32:34.96086+00	1
bfc82b2e-7785-4bc8-ab07-48e9eafc90a0	cdebe7b740ba86594b6575ff839f90c8892cacad46b3f0f16ebdda99f1cab54d	2026-06-01 13:47:07.650491+00	20260601134707_add_ai_copilot	\N	\N	2026-06-01 13:47:07.637318+00	1
a11ea6bc-cc0b-427b-b442-73bafebd84dc	882647607b547ba22ea1fcb59edc3235e9a0746cf7077c3e0f6aa4dcc456be4e	2026-06-01 14:18:19.67642+00	20260601141819_add_assistant_chats	\N	\N	2026-06-01 14:18:19.665532+00	1
aa4c18ff-f66f-442e-85c8-76bba0c22065	11dcf1f70a58b4aab26a693111becceadf102d64c4575879f7a197fbfbbf14b7	2026-07-19 23:54:04.803109+00	20260719235404_add_super_admin_and_manager_roles	\N	\N	2026-07-19 23:54:04.800841+00	1
413674fd-0453-4242-ba6b-d41ea451ad8d	da838979e4bb6817fb89e86805b7e7052adc72b125645dfc8c205dbe2c66659f	2026-06-01 15:04:55.936584+00	20260601150455_add_ai_config_and_knowledge	\N	\N	2026-06-01 15:04:55.92764+00	1
ff5386e8-7429-46e3-a4bb-f4cca89d4bc8	0a1b254b787ffcade822a3eef03296552eb6f85eceb536cb5bf5cf8797cd98f7	2026-06-01 15:17:54.545586+00	20260601151754_add_message_status	\N	\N	2026-06-01 15:17:54.541249+00	1
997c68bb-8015-42d1-937f-03791e942ed8	887e6012fa2f2b36ff1b11604a703b1bb19d1b90dd75e34a478d0e8f4021d6f7	2026-06-01 15:21:54.796966+00	20260601152154_add_saved_request_ids_to_assistant_message	\N	\N	2026-06-01 15:21:54.794694+00	1
c3705574-b09c-44a3-8704-2a6152adbbe7	8dfa066275371278f81f0d8aecb8c4902239fa29229d690cdee20fbed6d41d42	2026-07-20 00:25:27.299059+00	20260720020000_remove_admin_enum_value	\N	\N	2026-07-20 00:25:27.288315+00	1
533166e5-04fd-4c03-b4d1-0b9120a125fb	bd9e622606594a866148823e2953099cde4499f460e6ffb72c34484d7c414838	2026-06-01 15:31:40.498228+00	20260601153140_add_executed_actions_model	\N	\N	2026-06-01 15:31:40.489616+00	1
abe6e785-c046-466c-afdd-7a463e1253d7	854efe14977fd0300077be9912fd03ba4abf277d8400e4b699f3fbab03adbeb0	2026-06-02 10:45:26.565999+00	20260602104526_add_packaging_models	\N	\N	2026-06-02 10:45:26.549356+00	1
663d12c7-4770-4a6d-b899-6707125cbef9	d534b0fa79df00beda000d08f532c65c1ca86abdef97972b088849f8a0a1513f	2026-06-02 11:00:51.65015+00	20260602110051_add_customer_orderline	\N	\N	2026-06-02 11:00:51.63884+00	1
5e3db674-7b07-4cc3-bceb-054a8e1b3398	a7a88b8a8269de1496b553f29d58ae006fc03075151a59e21ef44eb604c906f4	2026-06-02 11:15:43.807392+00	20260602120000_remove_crate_description		\N	2026-06-02 11:15:43.807392+00	0
c19363e1-d186-42bd-9871-d7db2e036b49	c6225335fbdbaefd8340467bbebb4c92d70645fd594c8fc01beb0559b58c5b5e	2026-07-20 13:28:03.402825+00	20260720132803_add_worker_requests	\N	\N	2026-07-20 13:28:03.384226+00	1
71d0513d-11eb-4b24-8302-20ea82f98640	92e637912e7dc0b8fd26a0b682e73d9a82c282cf4d11d42aa9f8b74755f433f8	2026-07-21 14:22:52.448412+00	20260721142252_add_session_table	\N	\N	2026-07-21 14:22:52.439016+00	1
\.


--
-- Data for Name: users; Type: TABLE DATA; Schema: public; Owner: -
--

COPY public.users (id, name, email, role, status, "createdAt", "updatedAt", "passwordHash", "forcePasswordChange", "lastLoginAt") FROM stdin;
cmprh55jl0002dmaan9fr9bhs	Viewer User	viewer@narko.local	VIEWER	ACTIVE	2026-05-29 22:09:09.202	2026-07-20 00:29:30.426	1c69fb8c18b19076943b421486d46082:78287ad29e461b4f121bb707e8b69e462aa6ad73ebd59e76543622eeb60120e86c842497004222a36d67f48df538cde9c4c5b209116eb92ab7ef605cefd6883b	f	2026-07-20 00:29:30.425
cmprh55jg0000dmaaros54xpj	Narron P	admin@narko.local	SUPER_ADMIN	ACTIVE	2026-05-29 22:09:09.197	2026-07-20 16:16:59.063	6ec23ce16e04e8130e696453e261ccab:7b87ed54792d338e8c9a118fa1d9580c53a53d8032d46b10245dddafd4f835c91f3f67e1ee5d7fb02117fb592a4e9ceb2400560c6fa7c131893f9341579738bb	f	2026-07-20 16:16:59.061
cmprh55jk0001dmaal2brb1n9	Worker User	worker@narko.local	WORKER	ACTIVE	2026-05-29 22:09:09.2	2026-07-20 16:18:55.166	2a87be14271e7be193cb7bb2534bf27d:a7dc54fd01fc8cc85400225967e0af3e6111f4190ba1922038d14c0aae12b844843798a99325256695a99ba64071e5b8792381e5c6e1007ef74a097ff42556b1	f	2026-07-20 16:18:55.165
\.


--
-- Data for Name: ai_action_requests; Type: TABLE DATA; Schema: public; Owner: -
--

COPY public.ai_action_requests (id, "createdByUserId", "actionType", payload, reasoning, status, "approvedBy", "approvedAt", "createdAt") FROM stdin;
cmpvaa6ua000b89tz24y5ru3b	cmprh55jg0000dmaaros54xpj	create_purchase_request	{"unit": "kg", "quantity": 50, "materialCode": "IN-718", "supplierName": "—"}	Low stock level of Inconel 718 requires immediate replenishment to avoid production delays.	REJECTED	cmprh55jg0000dmaaros54xpj	2026-06-01 14:10:54.86	2026-06-01 14:08:11.553
cmpva9hky000589tzvjcqci91	cmprh55jg0000dmaaros54xpj	generate_report	{"format": "pdf", "reportType": "inventory"}	To provide a detailed inventory report for further analysis and decision-making	REJECTED	cmprh55jg0000dmaaros54xpj	2026-06-01 14:10:56.335	2026-06-01 14:07:38.817
cmpv9vezj00078s6twp45k9ev	cmprh55jg0000dmaaros54xpj	create_purchase_request	{"unit": "kg", "quantity": 1, "materialCode": "IN-718", "supplierName": "—"}	Material is out of stock.	REJECTED	cmprh55jg0000dmaaros54xpj	2026-06-01 14:10:57.009	2026-06-01 13:56:42.27
cmpv9uw8h00038s6t90pd8f2x	cmprh55jg0000dmaaros54xpj	generate_report	{"format": "csv", "reportType": "orders"}	to provide detailed information on open orders	REJECTED	cmprh55jg0000dmaaros54xpj	2026-06-01 14:10:57.493	2026-06-01 13:56:17.968
cmpv9vezr00098s6t1vsqbzfv	cmprh55jg0000dmaaros54xpj	create_purchase_request	{"unit": "L", "quantity": 0.5, "materialCode": "ZN-COAT", "supplierName": "—"}	Material has low quantity levels.	EXECUTED	cmprh55jg0000dmaaros54xpj	2026-06-01 13:57:30.168	2026-06-01 13:56:42.279
cmpvaem4y000311eavnlgk2uv	cmprh55jg0000dmaaros54xpj	create_purchase_request	{"unit": "L", "quantity": 2, "materialCode": "ZN-COAT", "supplierName": "—"}	To maintain sufficient stock levels of Zinc Phosphate Coating.	REJECTED	cmprh55jg0000dmaaros54xpj	2026-06-01 14:13:16.428	2026-06-01 14:11:38.002
cmpvaem4s000111eaee4k6okx	cmprh55jg0000dmaaros54xpj	create_purchase_request	{"unit": "kg", "quantity": 5, "materialCode": "IN-718", "supplierName": "—"}	To ensure continuous supply of Inconel 718 Bar.	REJECTED	cmprh55jg0000dmaaros54xpj	2026-06-01 14:13:17.491	2026-06-01 14:11:37.994
cmpvch2460013d85voco4m2xy	cmprh55jg0000dmaaros54xpj	generate_report	{"format": "csv", "reportType": "orders"}	User requested an Excel sheet, which can be created from the CSV format of order data.	PENDING	\N	\N	2026-06-01 15:09:31.255
cmpvcigyp001bd85v9ot7ilnk	cmprh55jg0000dmaaros54xpj	generate_report	{"format": "xlsx", "reportType": "inventory"}	Generate an Excel sheet for inventory data.	PENDING	\N	\N	2026-06-01 15:10:37.154
cmpwmexsw001edu9t6c5uil0a	cmprh55jg0000dmaaros54xpj	generate_report	{"format": "pdf", "reportType": "orders"}	Provide a detailed report on the shipment fit for documentation.	APPROVED	cmprh55jg0000dmaaros54xpj	2026-06-02 12:35:57.603	2026-06-02 12:35:34.688
cmpwmg2ez001mdu9tvb2ld46n	cmprh55jg0000dmaaros54xpj	generate_report	{"format": "pdf", "reportType": "production"}	To verify the fitting of the shipment within container constraints and ensure proper planning.	PENDING	\N	\N	2026-06-02 12:36:27.324
cmpwmgzki001udu9tuyusii80	cmprh55jg0000dmaaros54xpj	create_order	{"qty": 4000, "dueDate": "2026-12-05", "customer": "Narron Petrovci", "valueEur": 15500, "productCode": "RDL011/1,4"}	To fulfill the pending order ORD-1780403653782.	APPROVED	cmprh55jg0000dmaaros54xpj	2026-06-02 12:57:22.049	2026-06-02 12:37:10.291
cmpwnrevl0022du9tx79rsu43	cmprh55jg0000dmaaros54xpj	generate_report	{"format": "pdf", "reportType": "orders"}	To document the order fitting analysis for future reference.	EXECUTED	cmprh55jg0000dmaaros54xpj	2026-06-02 13:14:35.511	2026-06-02 13:13:16.305
cmpwtqu0j002qdu9tooqim3t4	cmprh55jg0000dmaaros54xpj	GENERATE_XLSX	{"title": "Factory Materials Inventory", "description": "Overview of current inventory materials"}	The user requested an Excel file detailing the factory's current materials inventory.	EXECUTED	cmprh55jg0000dmaaros54xpj	2026-06-02 16:00:51.998	2026-06-02 16:00:46.964
cmqikex7000136ff0tq2953fj	cmprh55jk0001dmaal2brb1n9	GENERATE_REPORT	{"title": "Factory Inventory Report", "format": "xlsx", "reportType": "inventory"}	User requested an inventory report in Excel format.	PENDING	\N	\N	2026-06-17 21:10:30.541
\.


--
-- Data for Name: ai_config; Type: TABLE DATA; Schema: public; Owner: -
--

COPY public.ai_config (id, "assistantName", "systemPrompt", "responseStyle", "defaultLanguage", "allowedActions", "createdAt", "updatedAt", "companyKnowledge", "focusMode") FROM stdin;
singleton	Factory Assistant	Talk like a knowledgeable colleague, not a report generator. Use natural sentences, not bullet points unless it genuinely helps. Be direct, give real opinions, and don't pad answers with obvious statements. If something looks wrong, say it plainly. If everything looks fine, say that too. Keep answers conversational and to the point — like you're talking to someone across a desk, not writing a formal memo.	detailed	en	[]	2026-06-02 16:03:28.788	2026-07-17 19:23:01.492	We are a blade manufacturing company producing industrial blades for European markets. Working hours Monday to Friday, 6am to 4pm. Minimum order quantity 500 pieces. We ship in 20ft and 40ft containers. Quality standard DIN EN ISO 9001.	production
\.


--
-- Data for Name: ai_interaction_logs; Type: TABLE DATA; Schema: public; Owner: -
--

COPY public.ai_interaction_logs (id, "userId", prompt, intent, response, "ollamaUsed", "actionsProposed", "createdAt") FROM stdin;
cmpv9uk1r00018s6tap5qwrf4	cmprh55jg0000dmaaros54xpj	How are you doing?	\N	I'm running smoothly and ready to help with your factory operations! What would you like to know?	f	\N	2026-06-01 13:56:02.176
cmpv9uw8r00058s6t72j12e3g	cmprh55jg0000dmaaros54xpj	How many open orders do we have?	\N	We currently have a total of 12 orders in the system, with 3 pending, 4 in production, and 5 completed.	t	[{"payload": {"format": "csv", "reportType": "orders"}, "reasoning": "to provide detailed information on open orders", "actionType": "generate_report"}]	2026-06-01 13:56:17.979
cmpv9vezv000b8s6tdw4ld01l	cmprh55jg0000dmaaros54xpj	Which materials need urgent reordering?	\N	Based on the current inventory levels, two materials require immediate attention:\n\n1. Inconel 718 Bar (IN-718) - The quantity is at 0.18 kg, which is below the safety threshold of zero.\n2. Zinc Phosphate Coating (ZN-COAT) - Although there are some units available, the total quantity is already low at 0.2 L.\n\nThese materials should be reordered to prevent potential production delays and stockouts.	t	[{"payload": {"unit": "kg", "quantity": 1, "materialCode": "IN-718", "supplierName": "—"}, "reasoning": "Material is out of stock.", "actionType": "create_purchase_request"}, {"payload": {"unit": "L", "quantity": 0.5, "materialCode": "ZN-COAT", "supplierName": "—"}, "reasoning": "Material has low quantity levels.", "actionType": "create_purchase_request"}]	2026-06-01 13:56:42.283
cmpv9wfe000018e8npk2zblsr	cmprh55jg0000dmaaros54xpj	Which materials need urgent reordering?	\N	Based on the current inventory data, we have two low stock items that require urgent reordering:\n\n1. Inconel 718 Bar (code: IN-718) with a quantity of 0.18 kg.\n2. Zinc Phosphate Coating (code: ZN-COAT) with a quantity of 0.2 L.\n\nIt's essential to reorder these materials as soon as possible to avoid any production delays and maintain our supply chain efficiency.	t	\N	2026-06-01 13:57:29.448
cmpva1gbu000167i83fpw708h	cmprh55jg0000dmaaros54xpj	Hello	\N	Hello! I'm your Factory Operations Copilot. I can answer questions about inventory, orders, suppliers, and products, help with planning, estimates, and generate reports. What can I help you with?	f	\N	2026-06-01 14:01:23.947
cmpva1gce000367i8mhlh3qkl	cmprh55jg0000dmaaros54xpj	How are you?	\N	I'm running smoothly and ready to help with your factory operations! What would you like to know?	f	\N	2026-06-01 14:01:23.966
cmpva1wik000567i87zzkjmz6	cmprh55jg0000dmaaros54xpj	Which materials are low stock?	\N	According to the current inventory data, there are two items with low stock levels:\n\n1. Inconel 718 Bar (IN-718) - quantity: 0.18 kg\n2. Zinc Phosphate Coating (ZN-COAT) - quantity: 0.2 L\n\nBoth of these materials have a low stock level and should be reordered to avoid potential production delays.	t	\N	2026-06-01 14:01:44.923
cmpva2e8s000767i8iy5ayrur	cmprh55jg0000dmaaros54xpj	Which suppliers perform best?	\N	Based on the current data, BASF Resins and Toray Composite Materials have the highest on-time rates at 99.1% and 98.5%, respectively. Both of these suppliers are currently active and have relatively short lead times of 28 and 42 days, respectively. These metrics indicate that they tend to meet their delivery commitments and may be considered as reliable options for future purchases.	t	\N	2026-06-01 14:02:07.9
cmpva94ud000189tzmv67al9z	cmprh55jg0000dmaaros54xpj	Hello	\N	Hello! I'm your Factory Operations Copilot. I can answer questions about inventory, orders, suppliers, and products, help with planning, estimates, and generate reports. What can I help you with?	f	\N	2026-06-01 14:07:22.309
cmpva94uy000389tzt00pi7kr	cmprh55jg0000dmaaros54xpj	How are you?	\N	I'm running smoothly and ready to help with your factory operations! What would you like to know?	f	\N	2026-06-01 14:07:22.33
cmpva9hl3000789tz31qcvc7l	cmprh55jg0000dmaaros54xpj	Which materials are low stock?	\N	The following materials are in low stock:\n- Inconel 718 Bar (IN-718) with a quantity of 0.18 kg\n- Zinc Phosphate Coating (ZN-COAT) with a quantity of 0.2 L	t	[{"payload": {"format": "pdf", "reportType": "inventory"}, "reasoning": "To provide a detailed inventory report for further analysis and decision-making", "actionType": "generate_report"}]	2026-06-01 14:07:38.824
cmpva9utl000989tzkwk70l2r	cmprh55jg0000dmaaros54xpj	Which suppliers perform best?	\N	The top suppliers by on-time rate are:\n1. BASF Resins - On-Time Rate: 99.1%, Lead Time: 28 days\n2. Toray Composite Materials - On-Time Rate: 98.5%, Lead Time: 42 days\n3. Huntsman Advanced Materials - On-Time Rate: 95.2%, Lead Time: 35 days\n\nHexcel Corporation is currently under warning with an on-time rate of 91.3%.	t	\N	2026-06-01 14:07:55.976
cmpvaa6ug000d89tzq0tyz2qf	cmprh55jg0000dmaaros54xpj	Create a reorder request for 50kg Inconel 718	\N		t	[{"payload": {"unit": "kg", "quantity": 50, "materialCode": "IN-718", "supplierName": "—"}, "reasoning": "Low stock level of Inconel 718 requires immediate replenishment to avoid production delays.", "actionType": "create_purchase_request"}]	2026-06-01 14:08:11.561
cmpvaem51000511eahamycm2j	cmprh55jg0000dmaaros54xpj	Which materials are at risk of running out?	\N	The following materials are currently at low stock levels and may run out if not replenished:\n- Inconel 718 Bar (IN-718) with a quantity of 0.18 kg\n- Zinc Phosphate Coating (ZN-COAT) with a quantity of 0.2 L\n\nThese materials should be prioritized for reordering to avoid production delays.	t	[{"payload": {"unit": "kg", "quantity": 5, "materialCode": "IN-718", "supplierName": "—"}, "reasoning": "To ensure continuous supply of Inconel 718 Bar.", "actionType": "create_purchase_request"}, {"payload": {"unit": "L", "quantity": 2, "materialCode": "ZN-COAT", "supplierName": "—"}, "reasoning": "To maintain sufficient stock levels of Zinc Phosphate Coating.", "actionType": "create_purchase_request"}]	2026-06-01 14:11:38.005
cmpvc6yja0007d85vp7msel3r	cmprh55jg0000dmaaros54xpj	Which materials are at risk of running out?	\N	The materials currently at risk of running out are:\n\n- Inconel 718 Bar (IN-718) with a quantity of 0.18 kg.\n- Zinc Phosphate Coating (ZN-COAT) with a quantity of 0.2 L.\n\nThese items have quantities below the threshold and should be monitored closely to avoid running out.	t	\N	2026-06-01 15:01:40.055
cmpvc7g0a000dd85vpqu5u529	cmprh55jg0000dmaaros54xpj	wie heist du	\N	I am an AI assistant designed to provide information and assistance based on the factory data provided as of 2026-06-01T15:01:48.454Z. If you have any specific questions or need further details, feel free to ask.	t	\N	2026-06-01 15:02:02.699
cmpvc83ls000jd85vuzmr1onr	cmprh55jg0000dmaaros54xpj	do u speak german	\N	Yes, I can understand and respond in German if needed. However, for this interaction, I will continue to provide responses in English as per the language setting. If you prefer German, let me know, and I can switch languages accordingly. How can I assist you further?	t	\N	2026-06-01 15:02:33.28
cmpvc8g5g000pd85vfl9d7xut	cmprh55jg0000dmaaros54xpj	do u speak german	\N	Yes, I can speak German. However, for this interaction, I will continue to provide responses in English as per the language setting. If you prefer German, let me know, and I can switch languages accordingly. How can I assist you further?	t	\N	2026-06-01 15:02:49.541
cmpve376p0021shsj0b18vmow	cmprh55jg0000dmaaros54xpj	how much does the last order weigh	\N	The last order information provided does not include weight details. We only have the quantity (12) and product (Wind Turbine Blade B-38, code WTB-38) but no specific weight per unit. To calculate the total weight, we would need the weight of the Wind Turbine Blade B-38.	t	\N	2026-06-01 15:54:43.873
cmpvch24a0015d85v1ypgkw34	cmprh55jg0000dmaaros54xpj	can u create an excel sheet for me	\N	I've prepared an action proposal for your review. Please check the details below and approve if correct.	t	[{"payload": {"format": "csv", "reportType": "orders"}, "reasoning": "User requested an Excel sheet, which can be created from the CSV format of order data.", "actionType": "generate_report"}]	2026-06-01 15:09:31.258
cmpvcigyv001dd85vw8jybin7	cmprh55jg0000dmaaros54xpj	continue	\N	I've prepared an action proposal for your review. Please check the details below and approve if correct.	t	[{"payload": {"format": "xlsx", "reportType": "inventory"}, "reasoning": "Generate an Excel sheet for inventory data.", "actionType": "generate_report"}]	2026-06-01 15:10:37.16
cmpvd5bum0007shsjrh771hzn	cmprh55jg0000dmaaros54xpj	how are u	\N	I'm running smoothly and ready to help with your factory operations! What would you like to know?	f	\N	2026-06-01 15:28:23.614
cmpvd5wdk000dshsjy08m4vx3	cmprh55jg0000dmaaros54xpj	what is the plan for tomorrow	\N	Based on the current data, here's a summary of the plans for tomorrow:\n\n- **Orders**: 2 orders are currently in production and will be completed.\n- **Inventory**: Monitor low stock items like Inconel 718 Bar and Zinc Phosphate Coating. Ensure there is enough material to start any pending orders on schedule.\n- **Suppliers**: Check supplier lead times, particularly for Hexcel Corporation which has a warning status.\n\nNo specific actions are needed at this time unless further information or changes arise.	t	\N	2026-06-01 15:28:50.217
cmpvd6kmh000jshsjnaxf5gtm	cmprh55jg0000dmaaros54xpj	based on what are u saying that they will be completed	\N	The current data indicates that there are 2 orders in production, and their statuses do not show any delays. Assuming no issues with materials or other variables, these orders should be completed by tomorrow as per their due dates. Specifically:\n\n- **Order ORD-4814**: Due Date is 2026-06-05.\n- **Order ORD-4817**: Due Date is 2026-06-30.\n\nSince these orders are marked as "In Production" and there are no delayed or pending issues, they are expected to be completed by their respective due dates.	t	\N	2026-06-01 15:29:21.642
cmpvdaf5t000rshsjm1yc270n	cmprh55jg0000dmaaros54xpj	can we continue the converstaion in german please	\N	Sure, I can continue the conversation in German if you prefer. However, for clarity and consistency with my capabilities, I will respond in English.\n\nBased on the current data, here's a summary of the plans for tomorrow:\n\n- **Bestellungen**: 2 Bestellungen sind derzeit im Produktionsstatus und werden bis morgen fertiggestellt.\n- **Bestand**: Achten Sie auf die niedrig verfügbaren Artikel wie Inconel 718 Bar und Zinkphosphatbehandlung. Stellen Sie sicher, dass genug Materialien verfügbar sind, um eventuell pendelige Bestellungen abzuarbeiten.\n- **Lieferanten**: Prüfen Sie die Lieferzeiten der Lieferanten, insbesondere Hexcel Corporation, das einen Warnstatus hat.\n\nZurzeit gibt es keine spezifischen Maßnahmen, es sei denn, es treten weitere Informationen oder Änderungen auf.	t	\N	2026-06-01 15:32:21.185
cmpvdbge80013shsjo67oqa46	cmprh55jg0000dmaaros54xpj	come back to english please	\N	Sure, let's continue in English.\n\nBased on the current data, here's a summary of the plans for tomorrow:\n\n- **Orders**: 2 orders are currently in production and will be completed by their respective due dates.\n- **Inventory**: Monitor low stock items like Inconel 718 Bar and Zinc Phosphate Coating. Ensure there is enough material to start any pending orders on schedule.\n- **Suppliers**: Check supplier lead times, particularly for Hexcel Corporation which has a warning status.\n\nNo specific actions are needed at this time unless further information or changes arise.	t	\N	2026-06-01 15:33:09.441
cmpvdchql0019shsj7cpqyob2	cmprh55jg0000dmaaros54xpj	can u create an excel sheet file of the orders that we have today	\N	To create an Excel sheet file of the current orders, you can use the following data structure:\n\n| Order Number | Customer           | Product                | Quantity | Status     | Due Date   | Value (EUR) |\n|--------------|--------------------|------------------------|----------|------------|------------|-------------|\n| ORD-4814     | John Deere         | Agricultural Mower Blade AM-600 | 1500     | In Production | 2026-06-05 | 31,500      |\n| ORD-4817     | Airbus Helicopters | Helicopter Rotor Blade HR-14    | 4        | In Production | 2026-06-30 | 540,000     |\n| ORD-4820     | Siemens Gamesa     | Wind Turbine Blade B-38         | 12       | Pending     | 2026-07-01 | 720,000     |\n| ORD-4811     | AGCO Corporation   | Agricultural Mower Blade AM-600 | 3000     | Pending     | 2026-07-15 | 63,000      |\n| ORD-4816     | GE Vernova         | Wind Turbine Blade B-65         | 3        | Pending     | 2026-09-15 | 1,200,000   |\n\nYou can export this data to an Excel file using a tool or script. Here’s how you could structure the Excel sheet:\n\n1. Open Excel.\n2. Create a new worksheet.\n3. Enter the column headers in the first row.\n4. Input the order details from the list above into subsequent rows.\n\nIf you need assistance with generating this file programmatically, let me know, and I can provide more specific instructions or code snippets.	t	\N	2026-06-01 15:33:57.837
cmpvdekud001fshsjr5u8pbhn	cmprh55jg0000dmaaros54xpj	but can u create the excel sheet for me generate it fully and then i can auto download it	\N	Certainly! Here is a structured Excel sheet with the current orders:\n\n| Order Number | Customer           | Product                | Quantity | Status     | Due Date   | Value (EUR) |\n|--------------|--------------------|------------------------|----------|------------|------------|-------------|\n| ORD-4814     | John Deere         | Agricultural Mower Blade AM-600 | 1500     | In Production | 2026-06-05 | 31,500      |\n| ORD-4817     | Airbus Helicopters | Helicopter Rotor Blade HR-14    | 4        | In Production | 2026-06-30 | 540,000     |\n| ORD-4820     | Siemens Gamesa     | Wind Turbine Blade B-38         | 12       | Pending     | 2026-07-01 | 720,000     |\n| ORD-4811     | AGCO Corporation   | Agricultural Mower Blade AM-600 | 3000     | Pending     | 2026-07-15 | 63,000      |\n| ORD-4816     | GE Vernova         | Wind Turbine Blade B-65         | 3        | Pending     | 2026-09-15 | 1,200,000   |\n\nYou can copy this data into an Excel sheet or use a script to generate the file automatically. If you need further assistance with generating the file programmatically, let me know!	t	\N	2026-06-01 15:35:35.173
cmpvdgqd6001lshsj7eirmsoi	cmprh55jg0000dmaaros54xpj	what is my user name	\N	Based on the information provided, your username is not explicitly mentioned. If you have a specific username or account identifier that was previously set, it is not included in the factory data provided. \n\nIf you need assistance with setting up a username or have any other questions, feel free to ask!	t	\N	2026-06-01 15:37:15.642
cmpve01od001tshsjfulnsc1j	cmprh55jg0000dmaaros54xpj	what products do we have	\N	The factory currently produces the following active products:\n- Agricultural Mower Blade AM-600 (Code: AMB-600)\n- Bandsaw Blade BS-4000 (Code: BSB-4000)\n- Helicopter Rotor Blade HR-14 (Code: HRB-14)\n- Industrial Cutting Blade IC-300 (Code: ICB-300)\n- Pellet Knife PK-150 (Code: PKN-150)\n- Shredder Blade SB-200 (Code: SHB-200)\n- Wind Turbine Blade B-38 (Code: WTB-38)\n- Wind Turbine Blade B-52 (Code: WTB-52)\n\nA product is listed as a prototype, which means it may not yet be in active production.	t	\N	2026-06-01 15:52:16.766
cmpvea5m80029shsj57bg2fv1	cmprh55jg0000dmaaros54xpj	can we talk in german	\N	Ja, natürlich. Wie kann ich Ihnen helfen?	t	\N	2026-06-01 16:00:08.433
cmpvebg4f002fshsjdutf3gjj	cmprh55jg0000dmaaros54xpj	can we talk in chinese	\N	当然，有什么可以帮助您的？	t	\N	2026-06-01 16:01:08.703
cmpvec92f002lshsjvqmpzwb6	cmprh55jg0000dmaaros54xpj	lets go back to english	\N	Sure, let's proceed with the conversation in English. How can I assist you today?	t	\N	2026-06-01 16:01:46.216
cmpwelt74003kshsj32aebodn	cmprh55jg0000dmaaros54xpj	how many products do we have	\N	We have a total of 10 products.	t	\N	2026-06-02 08:56:58.384
cmpwemari003qshsj0k24zemy	cmprh55jg0000dmaaros54xpj	can u name them	\N	Sure, here are the names of the products:\n- Agricultural Mower Blade AM-600\n- Bandsaw Blade BS-4000\n- Helicopter Rotor Blade HR-14\n- Industrial Cutting Blade IC-300\n- Pellet Knife PK-150\n- Shredder Blade SB-200\n- Wind Turbine Blade B-38\n- Wind Turbine Blade B-52	t	\N	2026-06-02 08:57:21.15
cmpwemy7l003wshsjduds3e0k	cmprh55jg0000dmaaros54xpj	what are their measurments	\N	The provided data does not include specific measurements for the products. The details available are primarily related to product names, codes, and primary materials used. Measurements would need to be obtained from additional sources or specifications documents.	t	\N	2026-06-02 08:57:51.538
cmpweo0mp0042shsjmetz0isf	cmprh55jg0000dmaaros54xpj	can u tell me the measurments for am-600	\N	The data provided does not include specific measurements for the Agricultural Mower Blade AM-600. You may need to refer to the product specifications document or contact the design engineering team for this information.	t	\N	2026-06-02 08:58:41.329
cmpweqfno004ashsjjwencu4e	cmprh55jg0000dmaaros54xpj	what day is today	\N	Today is June 2, 2026.	t	\N	2026-06-02 09:00:34.116
cmpwer4il004gshsj0ku769db	cmprh55jg0000dmaaros54xpj	in a year how many orders did we make	\N	Based on the provided data, there are no historical order records for comparison to determine the number of orders made in a year prior to this date. The data only shows current and pending orders as of June 2, 2026. Without additional past order data, it's not possible to provide an accurate count of orders made in the previous year.	t	\N	2026-06-02 09:01:06.334
cmpwesnf1004mshsjpfbep5jb	cmprh55jg0000dmaaros54xpj	based on what we sold how many products have we made	\N	The provided data does not contain information about completed production quantities or sales figures. It only shows current and pending orders, with 7 completed orders as of June 2, 2026. Without additional sales or production data, it's not possible to determine how many products have been made based on what has been sold.	t	\N	2026-06-02 09:02:17.485
cmpwffz5f0050shsjy5z0pzee	cmprh55jg0000dmaaros54xpj	hi	\N	Hello! I'm your Factory Operations Copilot. I can answer questions about inventory, orders, suppliers, and products. What can I help you with?	f	\N	2026-06-02 09:20:25.78
cmpwjntdf000a107hbwvgfbnu	cmprh55jg0000dmaaros54xpj	what products do we have	\N	You have the following active products:\n- Agricultural Mower Blade AM-600 (Code: AMB-600)\n- Bandsaw Blade BS-4000 (Code: BSB-4000)\n- Helicopter Rotor Blade HR-14 (Code: HRB-14)\n- Industrial Cutting Blade IC-300 (Code: ICB-300)\n- Pellet Knife PK-150 (Code: PKN-150)\n- Shredder Blade SB-200 (Code: SHB-200)\n- Wind Turbine Blade B-38 (Code: WTB-38)\n- Wind Turbine Blade B-52 (Code: WTB-52)\n\nThere is 1 inactive and 1 prototype product, but no details are available for them in the current data.	t	\N	2026-06-02 11:18:30.003
cmpwlepig000odu9tv28wrb95	cmprh55jg0000dmaaros54xpj	can order ORD-1780401842114 fit  in a container , is this order limited by weight are or voluem	\N	The order ORD-1780401842114 consists of RD001 EURO PALET × 1,200 pcs. Based on the calculations:\n\n- Net weight: 64.3 kg\n- Crate tare: 35.0 kg\n- Total: 99.3 kg\n- Footprint: 0.96 m²\n- Volume: 0.34 m³\n\nThis order can fit into both a 20ft and a 40ft container as per the provided dimensions.\n\nThe primary limitations are weight (28,000 kg for 20ft, 31,500 kg for 40ft) rather than volume. Since the total weight of 99.3 kg is well within these limits, there are no restrictions based on either weight or volume.	t	\N	2026-06-02 12:07:24.328
cmpwlfrss000udu9t3mpo2iqu	cmprh55jg0000dmaaros54xpj	what products do we have	\N	We currently have the following active and prototype products:\n\n1. Agricultural Mower Blade AM-600 (AMB-600) - Primary Material: Boron Steel 27MnCrB5\n2. Bandsaw Blade BS-4000 (BSB-4000) - Primary Material: Bimetal M42 HSS\n3. Helicopter Rotor Blade HR-14 (HRB-14) - Primary Material: Carbon Fiber / Nomex Honeycomb\n4. Industrial Cutting Blade IC-300 (ICB-300) - Primary Material: Hardened Steel D2\n5. Pellet Knife PK-150 (PKN-150) - Primary Material: Tool Steel H13\n6. Shredder Blade SB-200 (SHB-200) - Primary Material: Manganese Steel X120Mn12\n7. Wind Turbine Blade B-38 (WTB-38) - Primary Material: Fiberglass / Epoxy Resin\n8. Wind Turbine Blade B-52 (WTB-52) - Primary Material: Carbon Fiber / Fiberglass\n9. Prototype Product - No specific name or material provided	t	\N	2026-06-02 12:08:13.948
cmpwmextb001gdu9tc7e8rrdz	cmprh55jg0000dmaaros54xpj	can order ORD-1780403653782 fit in a 20ft container	\N	Yes, the shipment for order ORD-1780403653782 can fit in a 20ft container based on the provided dimensions and weights.\n\nShipment totals:\n- Net weight: 447.4 kg\n- Crate tare: 70.5 kg\n- Total: 517.9 kg\n- Footprint: 1.03 m²\n- Volume: 0.34 m³\n- Crates: 3, Towers: 2\n\nContainer specifications:\n- 20ft (28,000 kg / 13.9 m² / 33 m³): FITS	t	[{"payload": {"format": "pdf", "reportType": "orders"}, "reasoning": "Provide a detailed report on the shipment fit for documentation.", "actionType": "generate_report"}]	2026-06-02 12:35:34.704
cmpwmg2f6001odu9tobwanzd4	cmprh55jg0000dmaaros54xpj	exceute	\N	I've prepared an action proposal for your review. Please check the details below and approve if correct.	t	[{"payload": {"format": "pdf", "reportType": "production"}, "reasoning": "To verify the fitting of the shipment within container constraints and ensure proper planning.", "actionType": "generate_report"}]	2026-06-02 12:36:27.33
cmpwmgzkw001wdu9tvxazl7wl	cmprh55jg0000dmaaros54xpj	admin accepted it and said execute it	\N	I've prepared an action proposal for your review. Please check the details below and approve if correct.	t	[{"payload": {"qty": 4000, "dueDate": "2026-12-05", "customer": "Narron Petrovci", "valueEur": 15500, "productCode": "RDL011/1,4"}, "reasoning": "To fulfill the pending order ORD-1780403653782.", "actionType": "create_order"}]	2026-06-02 12:37:10.305
cmpwnrew20024du9t7dbl6qo7	cmprh55jg0000dmaaros54xpj	"Can order ORD-1780403653782 fit in a 20ft container?"	\N	Based on the shipment details provided for order ORD-1780403653782 and the container specifications, the order can fit into a 20ft container.\n\nShipment totals:\n- Net weight: 447.4 kg\n- Crate tare: 70.5 kg\n- Total: 517.9 kg (This seems to be a miscalculation; it should be 447.4 + 70.5 = 517.9 - this is the total weight including crate tare, but typically crate tare would be subtracted from net weight for gross weight)\n- Footprint: 1.03 m²\n- Volume: 0.34 m³\n\nContainer fit:\n- 20ft (28,000 kg / 13.9 m² / 33 m³): FITS	t	[{"payload": {"format": "pdf", "reportType": "orders"}, "reasoning": "To document the order fitting analysis for future reference.", "actionType": "generate_report"}]	2026-06-02 13:13:16.323
cmpwtork9002edu9ts5rjshtv	cmprh55jg0000dmaaros54xpj	can ORD-1780403653782 fit in a 20ft container,	\N		t	\N	2026-06-02 15:59:10.473
cmpwtprk1002kdu9t2uoy3wfg	cmprh55jg0000dmaaros54xpj	can ORD-1780403653782 fit in a 20ft container,	\N	Yes, the order fits in a 20ft container.	t	\N	2026-06-02 15:59:57.121
cmpwtqu0x002sdu9txma5i5ea	cmprh55jg0000dmaaros54xpj	can u create me a xlsx file for me about the materials that we have	\N	I've prepared an action proposal for your review. Please check the details below and approve if correct.	t	[{"payload": {"title": "Factory Materials Inventory", "description": "Overview of current inventory materials"}, "reasoning": "The user requested an Excel file detailing the factory's current materials inventory.", "actionType": "GENERATE_XLSX"}]	2026-06-02 16:00:46.977
cmqijyerv00076ff03qzge6ov	cmprh55jk0001dmaal2brb1n9	Hello	\N	Hello! I'm your Factory Operations Assistant. I can answer questions about inventory, orders, suppliers, and products. What can I help you with?	f	\N	2026-06-17 20:57:40.171
cmqijyj0u000d6ff0doitir4t	cmprh55jk0001dmaal2brb1n9	How are you	\N	I'm running smoothly and ready to help with your factory operations! What would you like to know?	f	\N	2026-06-17 20:57:45.678
cmqijz633000j6ff0zza0vcvq	cmprh55jk0001dmaal2brb1n9	Are u currently working	\N	Yes, I am currently working and ready to assist. What can I help you with regarding your factory operations?	t	\N	2026-06-17 20:58:15.567
cmqikdjnh000r6ff0uph7k6lf	cmprh55jk0001dmaal2brb1n9	can u create me an excel sheet	\N	Sure, I can generate an Excel sheet for you based on the available data. Which type of report would you like to create? Options include inventory, orders, products, or suppliers.	t	[{"payload": {"title": "Factory Data Report", "description": "Summary of current factory data including inventory, orders, and products."}, "actionType": "GENERATE_XLSX"}]	2026-06-17 21:09:26.334
cmqikeb2v000x6ff060wvx2gw	cmprh55jk0001dmaal2brb1n9	inventory	\N		t	\N	2026-06-17 21:10:01.88
cmqikex7800156ff0ubgv1k0i	cmprh55jk0001dmaal2brb1n9	inventory	\N	I've prepared an action proposal for your review. Please check the details below and approve if correct.	t	[{"payload": {"title": "Factory Inventory Report", "format": "xlsx", "reportType": "inventory"}, "reasoning": "User requested an inventory report in Excel format.", "actionType": "GENERATE_REPORT"}]	2026-06-17 21:10:30.549
cmqikk08r001d6ff0zqsbvx1d	cmprh55jl0002dmaan9fr9bhs	What company is this	\N	Narron Petrovci is the only customer listed in the provided data.	t	\N	2026-06-17 21:14:27.771
cmqikkozr001j6ff0az1vs12q	cmprh55jl0002dmaan9fr9bhs	what company is this	\N	Narron Petrovci is the company associated with the orders in the provided data.	t	\N	2026-06-17 21:14:59.847
cmqiknnzr001q6ff0uwmzwjy3	cmprh55jg0000dmaaros54xpj	how are u	\N	I'm running smoothly and ready to help with your factory operations! What would you like to know?	f	\N	2026-06-17 21:17:18.519
cmqin49fk001s6ff0y4wqvgl9	cmprh55jl0002dmaan9fr9bhs	what company is this	\N	This is the factory's own assistant for an industrial blade manufacturing company. We do not provide information about the company name directly. If you need any specific reports or data, feel free to ask and I can generate them for you.	t	\N	2026-06-17 22:26:12.03
cmqkysjlf0007u1xa0hn58kmc	cmprh55jg0000dmaaros54xpj	What products do we have	\N	Based on current data: 1 materials (0 in stock, 0 low, 1 out of stock). 2 open orders. 0 active suppliers.	f	\N	2026-06-19 13:28:33.075
cmqkytrtx000du1xap23gmimu	cmprh55jg0000dmaaros54xpj	Whats the name of the product	\N	The products we have are as follows:\n\n- Rasperblade in palet (articleCode: RD001 EURO PALET)\n- Rasperblade (various types and sizes):\n  - articleCode: RDG500/1,25\n  - articleCode: RDG600/1,25\n  - articleCode: RDL002\n  - articleCode: RDL011 LARSSON\n  - articleCode: RDL011/1,4\n  - articleCode: RDL011/1,6\n  - articleCode: RDL400 Larsson not verif\n  - articleCode: RLG500/1,6s\n  - Rasperblade rolls (articleCodes: RR021/150, RR030, RR031)\n\nEach product has specific dimensions and properties such as length, width, thickness, teeth per inch (tpi), color, and weight after punching.	t	\N	2026-06-19 13:29:30.406
cmqkyxl1g000ju1xa3sm7lry7	cmprh55jg0000dmaaros54xpj	but WHEN I ASKED u what products do we have u gave me materials open orders and active suppliers and not the products	\N	I apologize for that oversight. Let's clarify the current list of products:\n\n- Rasperblade in palet (articleCode: RD001 EURO PALET)\n- Rasperblade (various types and sizes):\n  - RDG500/1,25\n  - RDG600/1,25\n  - RDL002\n  - RDL011 LARSSON\n  - RDL011/1,4\n  - RDL011/1,6\n  - RDL400 Larsson not verif\n  - RLG500/1,6s\n  - Rasperblade Rolls (articleCodes: RR021/150, RR030, RR031)\n\nEach product has specific details such as dimensions, weight, and packaging information.	t	\N	2026-06-19 13:32:28.229
cmro58v370005jazgbzest3uh	cmprh55jg0000dmaaros54xpj	how are you	\N	I'm running smoothly and ready to help with your factory operations! What would you like to know?	f	\N	2026-07-16 23:32:13.027
cmro59xk3000bjazgpu4hxkha	cmprh55jg0000dmaaros54xpj	how many products do we have	\N	We currently have 12 products listed. Here they are:\n\n- RD001 EURO PALET (Rasperblade in palet)\n- RDG500/1,25 (Rasperblade)\n- RDG600/1,25 (Rasperblade)\n- RDL002 (Rasperblade)\n- RDL011 LARSSON (Rasperblade)\n- RDL011/1,4 (Rasperblade)\n- RDL011/1,6 (Rasperblade)\n- RDL400 Larsson not verif (Rasperblade)\n- RLG500/1,6s (Rasperblade)\n- RR021/150 (Rasperblade Rolls)\n- RR030 (Rasperblade Rolls)\n- RR031 (Rasperblade Rolls)\n\nIf you need any further details or assistance with these products, feel free to ask!	t	\N	2026-07-16 23:33:02.883
cmro5bqx5000hjazg3pbfe8tl	cmprh55jg0000dmaaros54xpj	how many products can we fit in a container	\N	Based on current data: 1 materials (0 in stock, 0 low, 1 out of stock). 2 open orders. 0 active suppliers.	f	\N	2026-07-16 23:34:27.593
cmro6jkg2000pjazgg240pqfd	cmprh55jg0000dmaaros54xpj	how many products can we fit in a 20ft container?	\N	Based on current data: 1 materials (0 in stock, 0 low, 1 out of stock). 2 open orders. 0 active suppliers.	f	\N	2026-07-17 00:08:32.067
cmro6l0cq000vjazg9rgct1dv	cmprh55jg0000dmaaros54xpj	what materials are low on stock?	\N	Currently, there is one material that is out of stock:\n\n- **narorn** (Code: cf-55, Unit: m³)\n\nThere are no materials listed as being in a "low stock" condition. However, since the inventory count for this specific item is 0 and it's marked as out of stock, you might want to consider reordering or sourcing this material soon to avoid potential delays in fulfilling orders.	t	\N	2026-07-17 00:09:39.338
cmro6n5xw0011jazgt1a5pavg	cmprh55jg0000dmaaros54xpj	what orders are due this week?	\N	Based on current data: 1 materials (0 in stock, 0 low, 1 out of stock). 2 open orders. 0 active suppliers.	f	\N	2026-07-17 00:11:19.892
cmrpaoovo0005j6009ib4w98h	cmprh55jg0000dmaaros54xpj	What are our working hours?	\N	Our factory operates from Monday to Friday, with working hours from 6am to 4pm.	t	\N	2026-07-17 18:52:15.733
cmrpayl56000nj600s0uonv87	cmprh55jg0000dmaaros54xpj	What are our working hours?"\nWhat are our working hours?"\n"	\N	Our factory operates from 6am to 4pm on weekdays (Monday to Friday).	t	\N	2026-07-17 18:59:57.451
cmrpb0xhs000tj600mchmlv8b	cmprh55jg0000dmaaros54xpj	We have an order for 1000 pieces, what should I think about?	\N	Based on current data: 1 materials (0 in stock, 0 low, 1 out of stock). 2 open orders. 0 active suppliers.	f	\N	2026-07-17 19:01:46.768
cmrpb4fm2000zj600krgm8hqu	cmprh55jg0000dmaaros54xpj	Give me your opinion on our current stock situation"	\N	Based on current data: 1 materials (0 in stock, 0 low, 1 out of stock). 2 open orders. 0 active suppliers.	f	\N	2026-07-17 19:04:30.219
cmrpbit2s0017j600e1znv3ok	cmprh55jg0000dmaaros54xpj	What are our working hours?"	\N	Our factory operates from 6:00 AM to 4:00 PM on weekdays (Monday to Friday).	t	\N	2026-07-17 19:15:40.852
cmrpbksi3001dj600teoscp5f	cmprh55jg0000dmaaros54xpj	e have an order for 1000 pieces, what should I think about?	\N	Given that your minimum order quantity is 500 pieces, an order for 1000 pieces is well within the acceptable range. However, there are a few things to consider:\n\n1. **Inventory Check**: Ensure that you have enough raw materials and components to fulfill this order without running into stockouts.\n2. **Production Capacity**: Verify if your production line can handle the increased workload efficiently. Overloading might affect quality or lead times.\n3. **Customer Communication**: Confirm with the customer about delivery dates and any specific requirements they may have for such a large order.\n\nSince you currently have no pending orders in production, this could be an opportune time to start processing it as soon as possible. If there are any delays or issues, communicate proactively with the customer to manage their expectations.\n\nGiven that we have 0 items in stock and one out-of-stock item (narorn), it's crucial to address the inventory issue first by either ordering more raw materials or rescheduling orders to avoid further delays.	t	\N	2026-07-17 19:17:13.419
cmrpbmah1001jj600ab6wlpqh	cmprh55jg0000dmaaros54xpj	Give me your opinion on our current stock situation	\N	Based on current data: 1 materials (0 in stock, 0 low, 1 out of stock). 2 open orders. 0 active suppliers.	f	\N	2026-07-17 19:18:23.366
cmrpbtxi6001rj600ns8ntxgv	cmprh55jg0000dmaaros54xpj	How are we looking this week	\N	Based on current data: 1 materials (0 in stock, 0 low, 1 out of stock). 2 open orders. 0 active suppliers.	f	\N	2026-07-17 19:24:19.806
cmrpbvinf001xj600czykgl6h	cmprh55jg0000dmaaros54xpj	We have an order for 1000 pieces, what should I think about?"	\N	Based on current data: 1 materials (0 in stock, 0 low, 1 out of stock). 2 open orders. 0 active suppliers.	f	\N	2026-07-17 19:25:33.867
cmrpbxcff0023j600yj9lfj9z	cmprh55jg0000dmaaros54xpj	Any problems I should know about?	\N	Based on current data: 1 materials (0 in stock, 0 low, 1 out of stock). 2 open orders. 0 active suppliers.	f	\N	2026-07-17 19:26:59.114
cmrpccqyr0005ukscy3n53ss7	cmprh55jg0000dmaaros54xpj	What materials do we have?"	\N	Currently, we have no items in stock and one material is out of stock. Specifically:\n\n- **narorn (cf-55)**: Out of stock, with a quantity of 0 m³.\n\nGiven this situation, you should consider placing an order for the missing material to ensure that you can fulfill any upcoming orders without delays.	t	\N	2026-07-17 19:38:57.796
cmrpd01om00058podfewvursl	cmprh55jg0000dmaaros54xpj	What materials do we have?	\N	Currently, we have no items in stock and one material is out of stock:\n\n- **narorn (cf-55)**: Out of stock, with a quantity of 0 m³.\n\nGiven this situation, you should consider placing an order for the missing material to ensure that you can fulfill any upcoming orders without delays.	t	\N	2026-07-17 19:57:04.774
cmrsdxodu000f8podbo0d5r2b	cmprh55jg0000dmaaros54xpj	What materials do we have?"	\N	Currently, our inventory is empty. We don't have any materials in stock right now, and there's one item that is out of stock:\n\n- **narorn (cf-55)**: Out of stock, with a quantity of 1 m³.\n\nGiven the current situation, it would be wise to place an order for this material as soon as possible. This will ensure we have enough supplies to meet our upcoming orders and avoid any delays in production.\n\nNext steps:\n- Check if there are alternative suppliers or materials that can be used.\n- Place an order with a supplier to replenish the stock of narorn (cf-55).\n\nWould you like me to generate a purchase order for this material?	t	\N	2026-07-19 22:46:32.371
cmrse5k9n000l8pod3reqvz0m	cmprh55jg0000dmaaros54xpj	How are we looking today?	\N	Today, our factory is in a position where we have no materials in stock and one item, narorn (cf-55), is out of stock with a quantity of 1 m³. This means we need to act quickly to replenish our inventory.\n\nLooking at the orders:\n- We currently have two pending orders from Narron Petrovci, totaling 5200 pieces.\n- The total value of these open orders is €27,500.\n\nGiven that we don't have any materials in stock and the minimum order quantity is 500 pieces, it's crucial to place an urgent order for narorn (cf-55) as soon as possible. This will ensure we can start production on time without delays.\n\nAdditionally, our focus should be on:\n1. Replenishing the out-of-stock material.\n2. Ensuring all pending orders are fulfilled by December 5th.\n\nWould you like to generate a purchase order for narorn (cf-55) or any other action?	t	\N	2026-07-19 22:52:40.283
cmrthabay00072nquh5jxuy7k	cmprh55jk0001dmaal2brb1n9	How many pieces of CF-55 fit in a 40ft container?	\N	The product "narorn" (CF-55) is currently out of stock, so we cannot determine how many pieces would fit into a 40ft container. However, based on the data available for other products, let's estimate using the Rasperblade "RDG600/1,25" as an example, which has a pcsPerCrate value of 2000.\n\nEach crate weighs approximately 0.1055 kg after punching, and we can calculate the number of crates that would fit in a 40ft container:\n\n- Volume of a 40ft container: 67.7 m³\n- Volume per crate (assuming each crate is roughly 0.238 m³): \\( \\frac{67.7}{0.238} \\approx 285 \\) crates\n\nGiven that we can fit about 285 crates in a 40ft container, and each crate contains 2000 pieces:\n\n- Total pieces: \\( 285 \\times 2000 = 570,000 \\) pieces\n\nSo, approximately 570,000 pieces of CF-55 could fit in a 40ft container if they were available. However, since the product is out of stock, this is just an estimate.\n\nNext step: Check with the supplier to see when we can expect restock on CF-55 or consider alternative products that are currently in stock and have similar dimensions for future orders.	t	\N	2026-07-20 17:08:06.97
cmrthcfv3000d2nqunakx4zdd	cmprh55jk0001dmaal2brb1n9	I have an order for 50000 pieces of CF-55 and 30000 pieces of another product, how do I best fill a 40ft container?	\N	Based on current data: 2 materials (1 in stock, 0 low, 1 out of stock). 3 open orders. 0 active suppliers.	f	\N	2026-07-20 17:09:46.191
cmrthf4fq000j2nqu2h92y9k7	cmprh55jk0001dmaal2brb1n9	I want to mix CF-55 and CF-44 to fill a 40ft container as efficiently as possible, I need at least 80000 pieces of CF-55	\N	Based on current data: 2 materials (1 in stock, 0 low, 1 out of stock). 3 open orders. 0 active suppliers.	f	\N	2026-07-20 17:11:51.351
cmrtiz82b000r2nqu6bkrviug	cmprh55jk0001dmaal2brb1n9	How many pieces of RDG500/1,25 fit in a 40ft container?	\N	Based on current data: 2 materials (1 in stock, 0 low, 1 out of stock). 3 open orders. 0 active suppliers.	f	\N	2026-07-20 17:55:28.788
cmrtj8id6000x2nquoo8tpk2c	cmprh55jk0001dmaal2brb1n9	I have an order for 5000 pieces of RDG500/1,25 and 3000 pieces of RDL011 LARSSON, how do I fill a 40ft container?	\N	Based on current data: 2 materials (1 in stock, 0 low, 1 out of stock). 3 open orders. 0 active suppliers.	f	\N	2026-07-20 18:02:42.042
cmrtjab8z00132nqul13r5s6b	cmprh55jk0001dmaal2brb1n9	Can I mix RDG500/1,25 and RR030 in one container?	\N	Based on current data: 2 materials (1 in stock, 0 low, 1 out of stock). 3 open orders. 0 active suppliers.	f	\N	2026-07-20 18:04:06.132
cmrtltbj20001gkt7i1fzq68n	cmprh55jg0000dmaaros54xpj	How many pieces of RDG500/1,25 fit in a 40ft container?	\N	To determine how many pieces of RDG500/1,25 can fit into a 40ft container, we need to consider the crate capacity and the container's volume.\n\nFirst, let's look at the crate details for RDG500/1,25:\n- Each crate holds 2000 pieces.\n- The empty weight of each crate is 13.5 kg.\n\nNext, let's review the container specifications:\n- A 40ft container has a maximum payload capacity of 31,500 kg and can hold up to 67.7 m³.\n\nNow, we calculate the total weight if we fill the container with crates:\n- Each crate weighs 13.5 kg + (2000 pieces * 0.0879 kg/pc) = 13.5 kg + 175.8 kg = 189.3 kg per crate.\n- The maximum number of crates that can fit based on weight is: 31,500 kg / 189.3 kg/crate ≈ 165.4 crates.\n\nSince we can't have a fraction of a crate, we'll use 165 crates.\n\nThe total number of pieces in 165 crates is:\n- 165 crates * 2000 pieces/crate = 330,000 pieces.\n\nHowever, we also need to consider the volume. Each crate has dimensions that fit within the container's footprint and height constraints. Given the crate size (0.75m x 0.22m x 0.58m) and the container's internal space, we can fit approximately 160 crates per layer.\n\nAssuming a stack of 3 layers:\n- 160 crates/layer * 3 layers = 480 crates.\n- Total pieces: 480 crates * 2000 pieces/crate = 960,000 pieces.\n\nGiven the weight constraint is more limiting than volume in this case, we can fit approximately **330,000 pieces of RDG500/1,25** in a 40ft container. \n\nThis calculation ensures that we stay within the weight limit while maximizing the number of pieces.	t	\N	2026-07-20 19:14:52.188
cmrtlzkyw000149apkefu5gvn	cmprh55jg0000dmaaros54xpj	How many pieces of RDG500/1,25 fit in a 40ft container?	\N	Based on the provided data and the calculation result for fitting RDG500/1,25 into a 40ft container:\n\n- Maximum pieces that can fit: 332,000\n- Crates required: 166 crates (each containing 2000 pcs)\n- Towers needed: 34 towers (with each tower holding up to 5 crates)\n\nThe limiting factor here is the weight, which allows for only 166 crates to be loaded into the container. This means that while you could theoretically fit more pieces by stacking them in a single layer, the weight limit of the container restricts the number of crates.\n\nGiven this information, we can conclude that 332,000 pieces of RDG500/1,25 will fit into a 40ft container when considering the weight constraint. This is nearly all the space available in terms of volume and footprint as well.\n\nNext step: Ensure that the total weight does not exceed the maximum payload of 31,500 kg to avoid any issues during shipping.	t	\N	2026-07-20 19:19:44.358
cmrtm4z38000949ap6otmtf5c	cmprh55jk0001dmaal2brb1n9	How many pieces of RDG500/1,25 fit in a 40ft container?	\N	Based on the provided data and the calculation result for fitting RDG500/1,25 into a 40ft container:\n\n- Maximum pieces that can fit: 332,000\n- Crates required: 166 crates (each containing 2000 pcs)\n- Towers needed: 34 towers (with each tower holding up to 5 crates)\n\nThe limiting factor here is the weight, which allows for only 166 crates to be loaded into the container. This means that while you can fit more pieces by volume or footprint, the weight constraint restricts the number of crates and ultimately the total number of pieces.\n\nTo utilize the container effectively:\n- You would need approximately 332,000 pieces of RDG500/1,25 to fill a 40ft container to its maximum capacity by weight.\n- This calculation ensures that you are not exceeding the weight limit of 31,500 kg.\n\nGiven this information, it's important to plan your production and packaging accordingly to meet the order requirements without overloading the container. If you need to ship more than 332,000 pieces, consider using multiple containers or adjusting the product mix to fit within the weight limits.\n\nNext step: Review the production schedule to ensure that the required quantity can be produced in time for shipment and plan accordingly to avoid delays.	t	\N	2026-07-20 19:23:55.941
cmrtm6ttc000f49ap8r0u46mc	cmprh55jk0001dmaal2brb1n9	I have an order for 5000 pieces of RDG500/1,25 and 3000 pieces of RDL011 LARSSON, how do I fill a 40ft container?	\N	Based on current data: 2 materials (1 in stock, 0 low, 1 out of stock). 3 open orders. 0 active suppliers.	f	\N	2026-07-20 19:25:22.416
cmrtm89s4000l49ap5m9w5hq9	cmprh55jk0001dmaal2brb1n9	Can I mix RDG500/1,25 and RR030 in one container?	\N	Based on current data: 2 materials (1 in stock, 0 low, 1 out of stock). 3 open orders. 0 active suppliers.	f	\N	2026-07-20 19:26:29.764
cmrtmfq8l0001autxq7mndmqi	cmprh55jg0000dmaaros54xpj	I have an order for 5000 pieces of RDG500/1,25 and 3000 pieces of RDL011 LARSSON, how do I fill a 40ft container?	\N	Based on current data: 2 materials (1 in stock, 0 low, 1 out of stock). 3 open orders. 0 active suppliers.	f	\N	2026-07-20 19:32:17.684
cmrtmnd22000578g39pirh6eh	cmprh55jk0001dmaal2brb1n9	I have an order for 5000 pieces of RDG500/1,25 and 3000 pieces of RDL011 LARSSON, how do I fill a 40ft container?	\N	To determine if you can mix 5000 pieces of RDG500/1,25 and 3000 pieces of RDL011 LARSSON into a 40ft container, we need to consider both the weight and volume constraints.\n\n### Container Optimization Result:\n- **RDG500/1,25:**\n  - 5,000 pcs → 3 crates (1 tower), 480.0 kg, 0.43 m²\n- **RDL011 LARSSON:**\n  - 3,000 pcs → 2 crates (1 tower), 355.7 kg, 0.49 m²\n\n### Total Calculation:\n- **Weight:**\n  - RDG500/1,25: 480.0 kg\n  - RDL011 LARSSON: 355.7 kg\n  - Combined weight: 480.0 + 355.7 = 835.7 kg\n\n- **Volume:**\n  - RDG500/1,25: 0.43 m²\n  - RDL011 LARSSON: 0.49 m²\n  - Combined volume: 0.43 + 0.49 = 0.92 m²\n\n- **Footprint:**\n  - RDG500/1,25: 0.43 m² per crate (3 crates)\n  - RDL011 LARSSON: 0.49 m² per crate (2 crates)\n  - Combined footprint: 0.43 + 0.49 = 0.92 m²\n\n### Container Capacity:\n- **Weight Limit:** 31,500 kg\n- **Volume Limit:** 67.7 m³\n- **Footprint Limit:** 28.20 m² (for a single layer)\n\nGiven the calculations:\n- The combined weight of 835.7 kg is well within the 31,500 kg limit.\n- The combined volume of 0.92 m² is also within the footprint limit for a single layer in a 40ft container.\n\n### Recommendation:\nYou can mix 5000 pieces of RDG500/1,25 and 3000 pieces of RDL011 LARSSON into one 40ft container. This will utilize the container efficiently without exceeding any constraints.\n\nNext step: Ensure that you have enough crates for both products (5 crates for RDG500/1,25 and 2 crates for RDL011 LARSSON) and plan your production accordingly to meet the order requirements on time.	t	\N	2026-07-20 19:38:13.85
cmrtmqcqc000b78g32tkml909	cmprh55jk0001dmaal2brb1n9	Can I mix RDG500/1,25 and RR030 in one container? I need 100000 pieces of each.	\N	Based on current data: 2 materials (1 in stock, 0 low, 1 out of stock). 3 open orders. 0 active suppliers.	f	\N	2026-07-20 19:40:33.396
cmrtqkwq80001lkgntret13mm	cmprh55jg0000dmaaros54xpj	Can I mix RDG500/1,25 and RR030 in one container?	\N	Based on the provided [CONTAINER MIX ANALYSIS], mixing RDG500/1,25 and RR030 in a single 40ft container is feasible but not optimal. Here’s why:\n\n- **Weight**: The combined weight of both products will be within the container's limits (31,387.9 kg out of 31,500 kg).\n- **Volume**: However, the volume utilization is only 24.1%, which means you're not making full use of the container’s capacity.\n- **Footprint**: The footprint usage is at 55.6%, indicating that while there's some space left, it could be better utilized.\n\nA more efficient mix would be to fill the container closer to its maximum capacity. For example, using a suggested 50/50 mix of RDG500/1,25 and RR030 would result in:\n\n- **RDG500/1,25**: ~166,000 pcs → 83 crates\n- **RR030**: ~555 pcs → 111 crates\n\nThis mix would better utilize the container's volume and footprint.\n\n### Recommendation:\nTo optimize your shipping costs and ensure efficient use of space, consider using a more balanced mix of RDG500/1,25 and RR030. This will help you ship more products per container, reducing transportation costs and improving logistics efficiency.\n\nNext step: Review the order details to see if adjusting the quantities can achieve this balance.	t	\N	2026-07-20 21:28:17.838
cmrtqx9hp0007lkgn8rwbti3l	cmprh55jk0001dmaal2brb1n9	Can I mix RDG500/1,25 and RR030 in one container?	\N	To determine if you can mix 100,000 pieces of RDG500/1,25 and 100,000 pieces of RR030 into a 40ft container, we need to consider both the weight and volume constraints.\n\n### Container Optimization Result:\n- **RDG500/1,25:**\n  - 100,000 pcs → 50 crates (10 towers), 87,900 kg, 4.6 m²\n- **RR030:**\n  - 100,000 pcs → 50 crates (10 towers), 2,512,500 kg, 4.6 m²\n\n### Total Calculation:\n- **Weight:**\n  - RDG500/1,25: 87,900 kg\n  - RR030: 2,512,500 kg\n  - Combined weight: 87,900 + 2,512,500 = 2,600,400 kg\n\n- **Volume:**\n  - RDG500/1,25: 4.6 m²\n  - RR030: 4.6 m²\n  - Combined volume: 4.6 + 4.6 = 9.2 m²\n\n### Container Capacity:\n- **Weight Limit:** 31,500 kg\n- **Volume Limit:** 67.7 m³\n- **Footprint Limit:** 28.20 m² (for a single layer)\n\nGiven the calculations:\n- The combined weight of 2,600,400 kg far exceeds the 31,500 kg limit.\n- The combined volume of 9.2 m² is within the footprint limit for a single layer in a 40ft container.\n\n### Recommendation:\nMixing 100,000 pieces of RDG500/1,25 and 100,000 pieces of RR030 into one 40ft container is not feasible due to the weight constraint. The combined weight would exceed the maximum allowed by far.\n\n### Suggested Action:\n- **Split the Order:** Consider splitting the order between multiple containers or using a larger container (e.g., two 20ft containers) to accommodate the weight.\n- **Plan Production:** Ensure that you have enough crates and production capacity to handle the split orders efficiently.\n\nNext step: Review your production schedule and plan accordingly to avoid overloading any single container.	t	\N	2026-07-20 21:37:54.253
cmrtr5atp000dlkgn6mv7xe9l	cmprh55jk0001dmaal2brb1n9	I have 5000 pieces of RDG500/1,25 and 3000 pieces of RDL011 LARSSON, can they fit in one container?	\N	Based on the provided data, we need to determine if 5000 pieces of RDG500/1,25 and 3000 pieces of RDL011 LARSSON can fit into a single container.\n\n### Container Optimization Result:\n- **RDG500/1,25:**\n  - 5,000 pcs → 3 crates (1 tower), 480.0 kg, 0.43 m²\n- **RDL011 LARSSON:**\n  - 3,000 pcs → 2 crates (1 tower), 355.7 kg, 0.49 m²\n\n### Total Calculation:\n- **Weight:**\n  - RDG500/1,25: 480.0 kg\n  - RDL011 LARSSON: 355.7 kg\n  - Combined weight: 480.0 + 355.7 = 835.7 kg\n\n- **Volume:**\n  - RDG500/1,25: 0.43 m²\n  - RDL011 LARSSON: 0.49 m²\n  - Combined volume: 0.43 + 0.49 = 0.92 m²\n\n- **Footprint:**\n  - RDG500/1,25: 0.43 m² per crate (3 crates)\n  - RDL011 LARSSON: 0.49 m² per crate (2 crates)\n  - Combined footprint: 0.43 + 0.49 = 0.92 m²\n\n### Container Capacity:\n- **Weight Limit:** 31,500 kg\n- **Volume Limit:** 67.7 m³\n- **Footprint Limit:** 28.20 m² (for a single layer)\n\nGiven the calculations:\n- The combined weight of 835.7 kg is well within the 31,500 kg limit.\n- The combined volume of 0.92 m² is also within the footprint limit for a single layer in a 40ft container.\n\n### Recommendation:\nYou can mix 5000 pieces of RDG500/1,25 and 3000 pieces of RDL011 LARSSON into one 40ft container. This will utilize the container efficiently without exceeding any constraints.\n\nNext step: Ensure that you have enough crates for both products (5 crates for RDG500/1,25 and 2 crates for RDL011 LARSSON) and plan your production accordingly to meet the order requirements on time.	t	\N	2026-07-20 21:44:09.229
cmrtr9l12000jlkgn9aogywfv	cmprh55jk0001dmaal2brb1n9	How many pieces of RR030 fit in a 20ft container?	\N	Based on current data: 2 materials (1 in stock, 0 low, 1 out of stock). 3 open orders. 0 active suppliers.	f	\N	2026-07-20 21:47:29.079
cmrtsfjjf0001i0ij1sjhds2h	cmprh55jg0000dmaaros54xpj	hello	\N	Hello! I'm your Factory Operations Assistant. I can answer questions about inventory, orders, suppliers, and products. What can I help you with?	f	\N	2026-07-20 22:20:06.699
cmrtsgmdu0003i0ijprtht6zi	cmprh55jg0000dmaaros54xpj	In one short sentence, what is low on stock?	\N	The narorn item (code cf-55) is out of stock.	t	\N	2026-07-20 22:20:57.04
cmrtsj1gu000bi0iji2sr2hpz	cmprh55jg0000dmaaros54xpj	In one very short sentence: how many suppliers are active?	\N	There are no active suppliers currently.	t	\N	2026-07-20 22:22:49.902
cmrtt3uyf000hi0ijkvs5yj12	cmprh55jk0001dmaal2brb1n9	how are you	\N	I'm running smoothly and ready to help with your factory operations! What would you like to know?	f	\N	2026-07-20 22:39:01.239
cmrtt4wso000ni0ijkeb0atom	cmprh55jk0001dmaal2brb1n9	how many materials do we have	\N	Currently	t	\N	2026-07-20 22:39:50.281
cmrtt77oo000ti0ij62ziumb9	cmprh55jk0001dmaal2brb1n9	How many pieces of RDG500/1,25 fit in a 40ft container?	\N	Based on current data: 2 materials (1 in stock, 0 low, 1 out of stock). 3 open orders. 0 active suppliers.	f	\N	2026-07-20 22:41:37.704
cmrtthrxm000vi0ij1ishtq0c	cmprh55jg0000dmaaros54xpj	In one sentence, list two things to check today.	\N	Today, you should check the status of low or out-of-stock items like narorn (cf-55) and	t	\N	2026-07-20 22:49:50.504
cmrttptpl000xi0ij4kk1m12m	cmprh55jg0000dmaaros54xpj	In one sentence name two checks for today.	\N	Today's checks should include verifying that the narorn (cf	t	\N	2026-07-20 22:56:06.035
cmrttqh94000zi0ijmd6mha4c	cmprh55jg0000dmaaros54xpj	hi there friend	\N	Hello	t	\N	2026-07-20 22:56:36.566
cmrtttl380011i0ijdo4p0ulc	cmprh55jg0000dmaaros54xpj	what is low on stock right now in detail	\N	Currently	t	\N	2026-07-20 22:59:01.506
cmrtuwvf70017i0ijbfpzv5sy	cmprh55jk0001dmaal2brb1n9	hi	\N	Hello! I'm your Factory Operations Assistant. I can answer questions about inventory, orders, suppliers, and products. What can I help you with?	f	\N	2026-07-20 23:29:34.484
cmrtvqpmc000148khjs2nekka	cmprh55jg0000dmaaros54xpj	In one short sentence, say hi and mention stock.	\N	Hi! Currently, we have one item out of stock.	t	\N	2026-07-20 23:52:46.642
cmrum14vp000748khn7ipsitz	cmprh55jk0001dmaal2brb1n9	how are you	\N	I'm running smoothly and ready to help with your factory operations! What would you like to know?	f	\N	2026-07-21 12:08:42.997
cmrum30cn000d48kh54fjuzee	cmprh55jk0001dmaal2brb1n9	How many pieces of RDG500/1,25 fit in a 40ft container?	\N	To determine how many pieces of RDG500/1,25 can fit into a 40ft container, we need to consider the weight and volume constraints.\n\n### Container Optimization Result:\n- **RDG500/1,25:**\n  - Each crate contains 2000 pcs.\n  - Weight per crate: 87.9 kg (0.1351 kg/pc * 2000 pcs).\n  - Volume per crate: 0.6 m³.\n\n### Container Capacity:\n- **40ft Container:**\n  - Max weight: 31,500 kg.\n  - Max volume: 67.7 m³.\n  - Max footprint: 28.20 m² (for a single layer).\n\n### Calculation:\n- **Weight Limit:**\n  - Each crate weighs 87.9 kg.\n  - Maximum number of crates by weight: \\( \\frac{31,500 \\text{ kg}}{87.9 \\text{ kg/crate}} \\approx 356.24 \\) crates.\n\n- **Volume Limit:**\n  - Each crate occupies 0.6 m³.\n  - Maximum number of crates by volume: \\( \\frac{67.7 \\text{ m}^3}{0.6 \\text{ m}^3/crate} \\approx 112.83 \\) crates.\n\n- **Footprint Limit:**\n  - Each crate occupies 0.49 m².\n  - Maximum number of crates by footprint: \\( \\frac{28.20 \\text{ m}^2}{0.49 \\text{ m}^2/crate} \\approx 57.55 \\) crates.\n\n### Recommendation:\nThe limiting factor is the volume, which allows for approximately 112 crates in a single layer. Since each crate contains 2000 pieces of RDG500/1,25:\n\n- **Total Pieces:**\n  - \\( 112 \\text{ crates} \\times 2000 \\text{ pcs/crate} = 224,000 \\text{ pcs} \\).\n\n### Conclusion:\nYou can fit approximately 224,000 pieces of RDG500/1,25 into a single 40ft container.\n\nNext step: Ensure you have enough crates and production capacity to handle this order efficiently.	t	\N	2026-07-21 12:10:10.439
cmrum8fxp000j48khqf3d7yy2	cmprh55jk0001dmaal2brb1n9	How many pieces of RDG500/1,25 fit in a 40ft container?	\N	Based on the provided data, let's calculate how many pieces of RDG500/1,25 can fit into a 40ft container.\n\n### Container Optimization Result:\n- **RDG500/1,25:**\n  - 100,000 pcs → 50 crates (10 towers), 87,900 kg, 4.6 m²\n\n### Container Capacity:\n- **Weight Limit:** 31,500 kg\n- **Volume Limit:** 67.7 m³\n- **Footprint Limit:** 28.20 m² (for a single layer)\n\nGiven the calculations for one tower of RDG500/1,25:\n- Each crate contains 2,000 pieces.\n- The weight per crate is 87.9 kg.\n- The footprint per crate is 0.46 m².\n\n### Calculation for 40ft Container:\n- **Weight:**\n  - 31,500 kg ÷ 87.9 kg/crate = 356 crates\n  - Since each tower has 5 crates, the number of towers that can fit is 356 crates ÷ 5 crates/tower = 71.2 towers.\n  - We round down to 71 full towers.\n\n- **Volume:**\n  - 40ft container volume limit is 67.7 m³.\n  - Each crate occupies 0.46 m² of floor space, so the number of crates that can fit in a single layer is 28.20 m² ÷ 0.46 m²/crate = 61.3 crates per layer.\n  - Since each tower has 5 crates, we can fit 61 full layers (as 61 × 5 = 305 crates).\n\n- **Footprint:**\n  - The footprint limit is 28.20 m² per layer.\n\n### Recommendation:\nGiven the weight and volume constraints, you can fit approximately 71 towers of RDG500/1,25 into a 40ft container. Each tower contains 5 crates with 2,000 pieces each, so:\n\n- **Total Pieces:**\n  - 71 towers × 5 crates/tower × 2,000 pcs/crate = 710,000 pieces\n\nHowever, due to the weight limit, you can only fit up to 356 crates in total. Therefore, the practical number of pieces that can fit is:\n\n- **Total Pieces:**\n  - 356 crates × 2,000 pcs/crate = 712,000 pieces\n\nSince we are constrained by weight and not volume or footprint, the maximum number of pieces of RDG500/1,25 that can fit in a 40ft container is **356 crates × 2,000 pcs/crate = 712,00	t	\N	2026-07-21 12:14:23.918
cmrunnwi500019efdijls0kxc	cmprh55jg0000dmaaros54xpj	How many pieces of RDG500/1,25 fit in a 40ft container?	\N	Based on the [MAX CAPACITY RESULT] for RDG500/1,25 in a 40ft container, the maximum number of pieces that can fit is 332,000. This is calculated by fitting 166 crates of type A2 (each containing 2000 pcs), which translates to 332,000 pieces in total.\n\nThis calculation considers the weight as the limiting factor, with a utilization of 99.8% of the container's weight capacity and 23.5% of its volume capacity. Given this high weight utilization, it’s important to monitor the inventory levels of RDG500/1,25 to ensure we can meet such large order demands.\n\nIf you need to ship a similar quantity in the future, make sure to have sufficient crates and raw materials ready well in advance to avoid delays.	t	\N	2026-07-21 12:54:24.843
cmruoenhi00099efdz5ma725p	cmprh55jk0001dmaal2brb1n9	How many pieces of RDG500/1,25 fit in a 40ft container?	\N	Based on the [MAX CAPACITY RESULT] for RDG500/1,25 in a 40ft container, the maximum number of pieces that can fit is 332,000. This is calculated using 166 crates of type A2 (each containing 2000 pcs), which is limited by weight.\n\nTo ensure efficient use of space and avoid overloading, we should aim to fill as close to the weight limit as possible while respecting the footprint constraints. The utilization at max load shows that we can fit up to 166 crates in this container, which aligns with the weight limit but leaves some unused volume (23.5% of the total capacity).\n\nFor optimal packing, consider arranging the crates to minimize empty space and ensure stability during transport.\n\nNext step: Review the packing plan for RDG500/1,25 to confirm that 166 crates fit within the container's dimensions and weight limits without any issues.	t	\N	2026-07-21 13:15:12.87
\.


--
-- Data for Name: ai_rules; Type: TABLE DATA; Schema: public; Owner: -
--

COPY public.ai_rules (id, text, enabled, "sortOrder", "createdBy", "createdAt", "updatedAt") FROM stdin;
cmrpaxbbj0007j600ur68em9k	Always respond in the language the user is writing in	t	0	cmprh55jg0000dmaaros54xpj	2026-07-17 18:58:58.063	2026-07-17 18:58:58.063
cmrpaxf3i0009j600r6kr3f3o	When flagging a problem, always suggest a solution	t	1	cmprh55jg0000dmaaros54xpj	2026-07-17 18:59:02.959	2026-07-17 18:59:02.959
cmrpaxjra000bj6007lxyph6g	Never refuse to answer — if data is missing, say so and give your best estimate	t	2	cmprh55jg0000dmaaros54xpj	2026-07-17 18:59:08.998	2026-07-17 18:59:08.998
cmrpaxnfi000dj600eenlw1j4	You can give opinions and recommendations when asked	t	3	cmprh55jg0000dmaaros54xpj	2026-07-17 18:59:13.758	2026-07-17 18:59:13.758
cmrpaxrhx000fj600rw1x1gvv	Always use metric units (kg, m, m²) in all calculations	t	4	cmprh55jg0000dmaaros54xpj	2026-07-17 18:59:19.029	2026-07-17 18:59:19.029
cmrpbs757001lj600nq9zlow6	Never use bullet points for simple conversational answers — only use them when listing 4 or more distinct items	t	5	cmprh55jg0000dmaaros54xpj	2026-07-17 19:22:58.987	2026-07-17 19:22:58.987
cmrsdwou300078podgdh3cx5b	Always end every response with a concrete next step or suggestion, even if just one sentence	t	6	cmprh55jg0000dmaaros54xpj	2026-07-19 22:45:46.299	2026-07-19 22:45:46.299
\.


--
-- Data for Name: assistant_chats; Type: TABLE DATA; Schema: public; Owner: -
--

COPY public.assistant_chats (id, "userId", title, "createdAt", "updatedAt") FROM stdin;
cmrtsidgx0005i0ijk1cd60kd	cmprh55jg0000dmaaros54xpj	In one very short sentence: how many suppliers are active?	2026-07-20 22:22:18.802	2026-07-20 22:22:18.849
\.


--
-- Data for Name: assistant_messages; Type: TABLE DATA; Schema: public; Owner: -
--

COPY public.assistant_messages (id, "chatId", role, content, "ollamaUsed", proposals, "createdAt", status, "updatedAt", "savedRequestIds") FROM stdin;
cmrtsidi60007i0ij44srl1ey	cmrtsidgx0005i0ijk1cd60kd	user	In one very short sentence: how many suppliers are active?	f	\N	2026-07-20 22:22:18.847	COMPLETED	2026-07-20 22:22:18.847	\N
cmrtsidi90009i0ij5vi5a5gd	cmrtsidgx0005i0ijk1cd60kd	assistant	There are no active suppliers currently.	t	\N	2026-07-20 22:22:18.85	COMPLETED	2026-07-20 22:22:49.89	\N
\.


--
-- Data for Name: audit_logs; Type: TABLE DATA; Schema: public; Owner: -
--

COPY public.audit_logs (id, entity, "entityId", action, "userId", before, after, "createdAt") FROM stdin;
cmprign5l0002119gs5n1sa00	Material	cmprign5f0000119gkg0aobu4	CREATE	cmprh55jg0000dmaaros54xpj	\N	"{\\"name\\":\\"narorn\\",\\"code\\":\\"cf-55\\",\\"category\\":\\"Chemical\\",\\"quantity\\":1234,\\"unit\\":\\"m³\\",\\"status\\":\\"In Stock\\"}"	2026-05-29 22:46:04.858
cmpvcbour000rd85vxbvnkici	Order	cmprh55lf002hdmaawq8r5h3f	UPDATE	cmprh55jg0000dmaaros54xpj	"{\\"status\\":\\"In Production\\"}"	"{\\"status\\":\\"Pending\\"}"	2026-06-01 15:05:20.788
cmpvcbq1y000td85vxh01dggh	Order	cmprh55lf002hdmaawq8r5h3f	UPDATE	cmprh55jg0000dmaaros54xpj	"{\\"status\\":\\"Pending\\"}"	"{\\"status\\":\\"Completed\\"}"	2026-06-01 15:05:22.342
cmpvcbrva000vd85vs0owbn4v	Order	cmprh55lf0032dmaav2j2c9x5	UPDATE	cmprh55jg0000dmaaros54xpj	"{\\"status\\":\\"In Production\\"}"	"{\\"status\\":\\"Completed\\"}"	2026-06-01 15:05:24.694
cmpvdacrz000pshsjav66ag4x	Order	cmprh55lf002kdmaamu85322c	UPDATE	cmprh55jg0000dmaaros54xpj	"{\\"status\\":\\"Completed\\"}"	"{\\"status\\":\\"In Production\\"}"	2026-06-01 15:32:18.096
cmpvdahb1000tshsj6qnbrim4	Order	cmprh55lf002kdmaamu85322c	UPDATE	cmprh55jg0000dmaaros54xpj	"{\\"status\\":\\"In Production\\"}"	"{\\"status\\":\\"Pending\\"}"	2026-06-01 15:32:23.965
cmpvdajp0000vshsjjbjnsvrh	Order	cmprh55lf002kdmaamu85322c	UPDATE	cmprh55jg0000dmaaros54xpj	"{\\"status\\":\\"Pending\\"}"	"{\\"status\\":\\"Delayed\\"}"	2026-06-01 15:32:27.06
cmpvdal2k000xshsj727lek5j	Order	cmprh55lf002kdmaamu85322c	UPDATE	cmprh55jg0000dmaaros54xpj	"{\\"status\\":\\"Delayed\\"}"	"{\\"status\\":\\"Completed\\"}"	2026-06-01 15:32:28.844
cmpwefusn002oshsjc0hw0apk	Material	cmprign5f0000119gkg0aobu4	UPDATE	cmprh55jg0000dmaaros54xpj	"{\\"status\\":\\"In Stock\\"}"	"{\\"status\\":\\"Low Stock\\"}"	2026-06-02 08:52:20.519
cmpwefvxz002qshsjg6k37g1h	Material	cmprign5f0000119gkg0aobu4	UPDATE	cmprh55jg0000dmaaros54xpj	"{\\"status\\":\\"Low Stock\\"}"	"{\\"status\\":\\"Out of Stock\\"}"	2026-06-02 08:52:22.008
cmpwefy29002sshsjdxvzqptv	Material	cmprign5f0000119gkg0aobu4	UPDATE	cmprh55jg0000dmaaros54xpj	"{\\"status\\":\\"Out of Stock\\"}"	"{\\"status\\":\\"Out of Stock\\"}"	2026-06-02 08:52:24.753
cmpweg01q002ushsjsnd5m4rm	Material	cmprign5f0000119gkg0aobu4	UPDATE	cmprh55jg0000dmaaros54xpj	"{\\"status\\":\\"Out of Stock\\"}"	"{\\"status\\":\\"In Stock\\"}"	2026-06-02 08:52:27.327
cmpweg3n4002wshsjtie1biru	Material	cmprign5f0000119gkg0aobu4	UPDATE	cmprh55jg0000dmaaros54xpj	"{\\"status\\":\\"In Stock\\"}"	"{\\"status\\":\\"Out of Stock\\"}"	2026-06-02 08:52:31.985
cmpweg4iq002yshsjp2dkw6mz	Material	cmprh55k20004dmaatu523b0v	UPDATE	cmprh55jg0000dmaaros54xpj	"{\\"status\\":\\"Low Stock\\"}"	"{\\"status\\":\\"Out of Stock\\"}"	2026-06-02 08:52:33.123
cmpweguiv0030shsjfzms3dz9	Material	cmprign5f0000119gkg0aobu4	UPDATE	cmprh55jg0000dmaaros54xpj	"{\\"status\\":\\"Out of Stock\\"}"	"{\\"status\\":\\"Out of Stock\\"}"	2026-06-02 08:53:06.823
cmpwehhau0032shsj00q5xb44	Material	cmprh55k70006dmaaw911sjwg	UPDATE	cmprh55jg0000dmaaros54xpj	"{\\"status\\":\\"In Stock\\"}"	"{\\"status\\":\\"Low Stock\\"}"	2026-06-02 08:53:36.342
cmpwehi5o0034shsj2593wk8c	Material	cmprh55k70006dmaaw911sjwg	UPDATE	cmprh55jg0000dmaaros54xpj	"{\\"status\\":\\"Low Stock\\"}"	"{\\"status\\":\\"Out of Stock\\"}"	2026-06-02 08:53:37.452
cmpwehizp0036shsj33ic4dde	Material	cmprh55k70006dmaaw911sjwg	UPDATE	cmprh55jg0000dmaaros54xpj	"{\\"status\\":\\"Out of Stock\\"}"	"{\\"status\\":\\"Low Stock\\"}"	2026-06-02 08:53:38.534
cmpwehjui0038shsjkz2ipoq1	Material	cmprh55k70006dmaaw911sjwg	UPDATE	cmprh55jg0000dmaaros54xpj	"{\\"status\\":\\"Low Stock\\"}"	"{\\"status\\":\\"In Stock\\"}"	2026-06-02 08:53:39.642
cmpwejpcz003ashsjkvdwb7mf	Product	cmprh55kp0011dmaanpst0vq8	UPDATE	cmprh55jg0000dmaaros54xpj	"{\\"status\\":\\"Active\\"}"	"{\\"status\\":\\"Inactive\\"}"	2026-06-02 08:55:20.1
cmpwejrjk003cshsj6xe3w5ot	Product	cmprh55kp0011dmaanpst0vq8	UPDATE	cmprh55jg0000dmaaros54xpj	"{\\"status\\":\\"Inactive\\"}"	"{\\"status\\":\\"Active\\"}"	2026-06-02 08:55:22.929
cmpwf84pd004oshsj24u8jlao	Order	cmprh55lf002xdmaajc9ct4j5	UPDATE	cmprh55jg0000dmaaros54xpj	"{\\"status\\":\\"In Production\\"}"	"{\\"status\\":\\"Pending\\"}"	2026-06-02 09:14:19.729
cmpwf89wx004qshsjqxb0p01t	Order	cmprh55lf002xdmaajc9ct4j5	UPDATE	cmprh55jg0000dmaaros54xpj	"{\\"status\\":\\"Pending\\"}"	"{\\"status\\":\\"In Production\\"}"	2026-06-02 09:14:26.481
cmpwf8c5v004sshsjeh8oi9qy	Order	cmprh55lf002xdmaajc9ct4j5	UPDATE	cmprh55jg0000dmaaros54xpj	"{\\"status\\":\\"In Production\\"}"	"{\\"status\\":\\"Completed\\"}"	2026-06-02 09:14:29.396
cmpwl9rjt0002du9teafdjaw8	Customer	cmpwl9rji0000du9tpezry2ch	CREATE	cmprh55jg0000dmaaros54xpj	\N	"{\\"name\\":\\"Narron Petrovci\\"}"	2026-06-02 12:03:33.69
cmpwladhs0008du9til2gk0ol	Order	cmpwladhg0004du9tn77fxiqj	CREATE	cmprh55jg0000dmaaros54xpj	\N	"{\\"orderNumber\\":\\"ORD-1780401842114\\",\\"customer\\":\\"Narron Petrovci\\",\\"lines\\":1,\\"qty\\":0}"	2026-06-02 12:04:02.128
cmpwlcwhv000adu9tftjrjmz0	Order	cmprh55lf002zdmaas45ugpb8	DELETE	cmprh55jg0000dmaaros54xpj	"{\\"customer\\":\\"GE Vernova\\",\\"product\\":\\"Wind Turbine Blade B-65\\"}"	\N	2026-06-02 12:06:00.068
cmpwlcya3000cdu9tnza99l1v	Order	cmprh55lf002hdmaawq8r5h3f	DELETE	cmprh55jg0000dmaaros54xpj	"{\\"customer\\":\\"Vestas Wind Systems\\",\\"product\\":\\"Wind Turbine Blade B-52\\"}"	\N	2026-06-02 12:06:02.379
cmpwlczrq000edu9t76xa30ho	Order	cmprh55lf002kdmaamu85322c	DELETE	cmprh55jg0000dmaaros54xpj	"{\\"customer\\":\\"Renault SA\\",\\"product\\":\\"Industrial Cutting Blade IC-300\\"}"	\N	2026-06-02 12:06:04.31
cmpwld1m4000gdu9t7vdkq61v	Order	cmprh55lf002mdmaa7dwgk9dc	DELETE	cmprh55jg0000dmaaros54xpj	"{\\"customer\\":\\"AGCO Corporation\\",\\"product\\":\\"Agricultural Mower Blade AM-600\\"}"	\N	2026-06-02 12:06:06.7
cmpwmd7dv0016du9trftzpb86	Order	cmpwmd7dj0011du9tm2o4ln1r	CREATE	cmprh55jg0000dmaaros54xpj	\N	"{\\"orderNumber\\":\\"ORD-1780403653782\\",\\"customer\\":\\"Narron Petrovci\\",\\"lines\\":2,\\"qty\\":0}"	2026-06-02 12:34:13.796
cmpwtmxg90028du9tm7419sft	ExecutedAction	cmpwnrevl0022du9tx79rsu43	CREATE	cmprh55jg0000dmaaros54xpj	\N	"{\\"action\\":\\"OUTPUT_GENERATED\\",\\"outputType\\":\\"xlsx\\",\\"timestamp\\":\\"2026-06-02T15:57:44.792Z\\"}"	2026-06-02 15:57:44.793
cmpwtqy8v002wdu9t7cv7yoam	ExecutedAction	cmpwtqu0j002qdu9tooqim3t4	CREATE	cmprh55jg0000dmaaros54xpj	\N	"{\\"action\\":\\"OUTPUT_GENERATED\\",\\"outputType\\":\\"xlsx\\",\\"timestamp\\":\\"2026-06-02T16:00:52.447Z\\"}"	2026-06-02 16:00:52.448
cmrtfet4y0003x7exmp0ibmze	Order	cmpwmd7dj0011du9tm2o4ln1r	UPDATE	cmprh55jk0001dmaal2brb1n9	"{\\"status\\":\\"Pending\\"}"	"{\\"status\\":\\"In Production\\"}"	2026-07-20 16:15:37.474
cmrtfeud10005x7exlt5lobj5	Order	cmpwmd7dj0011du9tm2o4ln1r	UPDATE	cmprh55jk0001dmaal2brb1n9	"{\\"status\\":\\"In Production\\"}"	"{\\"status\\":\\"Pending\\"}"	2026-07-20 16:15:39.061
cmrtficao000dx7exzec7ou4b	CREATE_PRODUCT	cmrtfeg1y0001x7exkeoae2dc	APPROVE_REQUEST	cmprh55jg0000dmaaros54xpj	\N	\N	2026-07-20 16:18:22.273
cmrtficyy000lx7ex4x1qx5j9	CREATE_ORDER	cmrtffng20007x7exfqx7eobg	APPROVE_REQUEST	cmprh55jg0000dmaaros54xpj	\N	\N	2026-07-20 16:18:23.146
cmrtfidns000ox7exa3vg0lop	CREATE_MATERIAL	cmrtfg02r0009x7exfjmbevn7	APPROVE_REQUEST	cmprh55jg0000dmaaros54xpj	\N	\N	2026-07-20 16:18:24.041
\.


--
-- Data for Name: crate_types; Type: TABLE DATA; Schema: public; Owner: -
--

COPY public.crate_types (id, code, "emptyWeightKg", "xMeters", "yMeters", "zMeters", "hasLegs", "legsDescription", "createdAt", "updatedAt") FROM stdin;
cmpwjmzpj0003cao1drn2pgua	B2	16.6	0.67	0.21	0.67	f	no, only bottom	2026-06-02 11:17:51.559	2026-06-02 11:17:51.559
cmpwjmzpj0002cao1r7lhnev9	B1	15.6	0.6	0.21	0.6	f	no, only bottom	2026-06-02 11:17:51.559	2026-06-02 11:17:51.559
cmpwjmzq00004cao1vtq151do	L2	16.5	0.74	0.22	0.56	t	yes	2026-06-02 11:17:51.559	2026-06-02 11:17:51.559
cmpwjmzq10005cao1iewkv42x	Euro Palete	35	1.2	0.35	0.8	t	yes, the palet	2026-06-02 11:17:51.559	2026-06-02 11:17:51.559
cmpwjmzq20007cao1pmynr6pd	A1	23.5	0.75	0.22	0.69	t	yes	2026-06-02 11:17:51.559	2026-06-02 11:17:51.559
cmpwjmzq20008cao1p1s96o7l	A3	12	0.75	0.22	0.48	t	yes	2026-06-02 11:17:51.559	2026-06-02 11:17:51.559
cmpwjmzq20006cao1oxq435it	L1	19.6	0.74	0.22	0.66	t	yes	2026-06-02 11:17:51.559	2026-06-02 11:17:51.559
cmpwjmzq30009cao1gw0xqsqi	A2	13.5	0.75	0.22	0.58	t	yes	2026-06-02 11:17:51.559	2026-06-02 11:17:51.559
\.


--
-- Data for Name: blade_product_specs; Type: TABLE DATA; Schema: public; Owner: -
--

COPY public.blade_product_specs (id, "articleCode", "productName", "lengthMm", "widthMm", "thicknessMm", tpi, "punchedOn", "holeDistance", "holeSize", color, "weightBeforePunchingKg", "weightAfterPunchingKg", "pcsPerCrate", "crateTypeId", "maxCratesPerTower", "createdAt", "updatedAt") FROM stdin;
cmpwjmzq5000bcao1prkuo16l	RD001 EURO PALET	Rasperblade in palet	400	20	1	17	Both sides	\N	\N	GOLD	0.064	0.0536	12500	cmpwjmzq10005cao1iewkv42x	3	2026-06-02 11:17:51.582	2026-06-02 11:17:51.582
cmpwjmzq8000dcao1pfyauwgn	RDG500/1,25	Rasperblade	500	21	1.25	17	Both sides	100-300-100	Ø5	GOLD	0.105	0.0879	2000	cmpwjmzq30009cao1gw0xqsqi	5	2026-06-02 11:17:51.584	2026-06-02 11:17:51.584
cmpwjmzq9000fcao1jiodf23g	RDG600/1,25	Rasperblade	600	21	1.25	17	Both sides	100-200-100	Ø5	GOLD	0.126	0.1055	2000	cmpwjmzq20007cao1pmynr6pd	5	2026-06-02 11:17:51.586	2026-06-02 11:17:51.586
cmpwjmzqa000hcao1xqj057ot	RDL002	Rasperblade	400	21	1.25	17	Both sides	100-200-100	Ø5	GOLD	0.084	0.0704	2000	cmpwjmzq20008cao1p1s96o7l	5	2026-06-02 11:17:51.586	2026-06-02 11:17:51.586
cmpwjmzqb000jcao1zmg47m4l	RDL011 LARSSON	Rasperblade	600	21	1.25	17	Both sides	100-200-200-100	Ø5	SILVER	0.126	0.1055	2000	cmpwjmzq20006cao1oxq435it	5	2026-06-02 11:17:51.587	2026-06-02 11:17:51.587
cmpwjmzqc000lcao1qp5gpht0	RDL011/1,4	Rasperblade	600	21	1.4	17	Both sides	100-200-200-100	Ø5	GOLD	0.1411	0.1182	1800	cmpwjmzq20007cao1pmynr6pd	5	2026-06-02 11:17:51.588	2026-06-02 11:17:51.588
cmpwjmzqd000ncao10n8drcpp	RDL011/1,6	Rasperblade	600	21	1.6	17	Both sides	100-200-200-100	Ø5	GOLD	0.1613	0.1351	1600	cmpwjmzq20007cao1pmynr6pd	5	2026-06-02 11:17:51.589	2026-06-02 11:17:51.589
cmpwjmzqe000pcao1232t1224	RLG500/1,6s	Rasperblade	500	21	1.6	17	Both sides	100-150-150-100	Ø5	SILVER	0.1344	0.1126	2000	cmpwjmzq20006cao1oxq435it	5	2026-06-02 11:17:51.59	2026-06-02 11:17:51.59
cmpwjmzqe000rcao1vz0xz56j	RDL400 Larsson not verif	Rasperblade	400	21	1.6	17	Both sides	100-150-150-100	Ø5	SILVER	0.0941	0.0788	2000	cmpwjmzq20006cao1oxq435it	5	2026-06-02 11:17:51.591	2026-06-02 11:17:51.591
cmpwjmzqf000tcao1ue25ee8s	RR021/150	Rasperblade rolls	150000	21	1.25	17	Both sides	\N	\N	GOLD	31.5	26.3813	5	cmpwjmzpj0003cao1drn2pgua	5	2026-06-02 11:17:51.592	2026-06-02 11:17:51.592
cmpwjmzqg000vcao1b62ff2u4	RR030	Rasperblade Rolls	150000	25	1	21	Both sides	\N	\N	GOLD	30	25.125	5	cmpwjmzpj0002cao1r7lhnev9	5	2026-06-02 11:17:51.593	2026-06-02 11:17:51.593
cmpwjmzqh000xcao1mdqdrcxe	RR031	Rasperblade Rolls	150000	25	1	17	Both sides	\N	\N	GOLD	30	25.125	5	cmpwjmzpj0002cao1r7lhnev9	5	2026-06-02 11:17:51.593	2026-06-02 11:17:51.593
cmrtficaf000bx7exwj3mnz3r	123gagaga	test123	123	123	123	17	Both sides	12-1212-2	5	GOLD	123	123	1233	cmpwjmzq20007cao1pmynr6pd	5	2026-07-20 16:18:22.263	2026-07-20 16:18:22.263
\.


--
-- Data for Name: container_types; Type: TABLE DATA; Schema: public; Owner: -
--

COPY public.container_types (id, name, "lengthMeters", "widthMeters", "maxVolumeM3", "maxPayloadKg", "createdAt", "updatedAt") FROM stdin;
cmpwjmzp20000cao1s7a3iur1	20ft	5.9	2.35	33	28000	2026-06-02 11:17:51.542	2026-06-02 11:17:51.542
cmpwjmzpf0001cao12z894rpr	40ft	12	2.35	67.7	31500	2026-06-02 11:17:51.542	2026-06-02 11:17:51.542
\.


--
-- Data for Name: customers; Type: TABLE DATA; Schema: public; Owner: -
--

COPY public.customers (id, name, "contactName", email, phone, notes, "createdAt", "updatedAt") FROM stdin;
cmpwl9rji0000du9tpezry2ch	Narron Petrovci	Narron Petrovci	npetrovci13@gmail.com	+4915753262579	Narroni	2026-06-02 12:03:33.678	2026-06-02 12:03:33.678
\.


--
-- Data for Name: database_backups; Type: TABLE DATA; Schema: public; Owner: -
--

COPY public.database_backups (id, filename, "sizeBytes", "createdBy", note, "createdAt") FROM stdin;
cmpveixdr002mshsjuc441syd	backup_2026-06-01T16-06-57.sql	64457	Narron P	\N	2026-06-01 16:06:57.663
cmqikm7wo001k6ff0cjmz3ceu	backup_2026-06-17T21-16-10.sql	147078	Narron P	\N	2026-06-17 21:16:11.017
cmrp91vj900004s14l6r48krk	backup_2026-07-17T18-06-31.sql	157585	Narron P	\N	2026-07-17 18:06:31.653
\.


--
-- Data for Name: executed_actions; Type: TABLE DATA; Schema: public; Owner: -
--

COPY public.executed_actions (id, "requestId", "actionType", "outputType", "outputFile", "outputContent", "executedBy", metadata, "createdAt") FROM stdin;
cmpwtmxg10026du9tkdj0q4ai	cmpwnrevl0022du9tx79rsu43	GENERATE_REPORT	xlsx	report_orders_1780415864780.xlsx	UEsDBBQAAAAAAAAAAACkAYS4tQIAALUCAAAaAAAAeGwvX3JlbHMvd29ya2Jvb2sueG1sLnJlbHM8P3htbCB2ZXJzaW9uPSIxLjAiIGVuY29kaW5nPSJVVEYtOCIgc3RhbmRhbG9uZT0ieWVzIj8+DQo8UmVsYXRpb25zaGlwcyB4bWxucz0iaHR0cDovL3NjaGVtYXMub3BlbnhtbGZvcm1hdHMub3JnL3BhY2thZ2UvMjAwNi9yZWxhdGlvbnNoaXBzIj48UmVsYXRpb25zaGlwIElkPSJySWQxIiBUeXBlPSJodHRwOi8vc2NoZW1hcy5vcGVueG1sZm9ybWF0cy5vcmcvb2ZmaWNlRG9jdW1lbnQvMjAwNi9yZWxhdGlvbnNoaXBzL3dvcmtzaGVldCIgVGFyZ2V0PSJ3b3Jrc2hlZXRzL3NoZWV0MS54bWwiLz48UmVsYXRpb25zaGlwIElkPSJySWQyIiBUeXBlPSJodHRwOi8vc2NoZW1hcy5vcGVueG1sZm9ybWF0cy5vcmcvb2ZmaWNlRG9jdW1lbnQvMjAwNi9yZWxhdGlvbnNoaXBzL3RoZW1lIiBUYXJnZXQ9InRoZW1lL3RoZW1lMS54bWwiLz48UmVsYXRpb25zaGlwIElkPSJySWQzIiBUeXBlPSJodHRwOi8vc2NoZW1hcy5vcGVueG1sZm9ybWF0cy5vcmcvb2ZmaWNlRG9jdW1lbnQvMjAwNi9yZWxhdGlvbnNoaXBzL3N0eWxlcyIgVGFyZ2V0PSJzdHlsZXMueG1sIi8+PFJlbGF0aW9uc2hpcCBJZD0icklkNCIgVHlwZT0iaHR0cDovL3NjaGVtYXMub3BlbnhtbGZvcm1hdHMub3JnL29mZmljZURvY3VtZW50LzIwMDYvcmVsYXRpb25zaGlwcy9zaGVldE1ldGFkYXRhIiBUYXJnZXQ9Im1ldGFkYXRhLnhtbCIvPjwvUmVsYXRpb25zaGlwcz5QSwMEFAAAAAAAAAAAADAPiGveHQAA3h0AABMAAAB4bC90aGVtZS90aGVtZTEueG1sPD94bWwgdmVyc2lvbj0iMS4wIiBlbmNvZGluZz0iVVRGLTgiIHN0YW5kYWxvbmU9InllcyI/Pg0KPGE6dGhlbWUgeG1sbnM6YT0iaHR0cDovL3NjaGVtYXMub3BlbnhtbGZvcm1hdHMub3JnL2RyYXdpbmdtbC8yMDA2L21haW4iIG5hbWU9Ik9mZmljZSBUaGVtZSI+PGE6dGhlbWVFbGVtZW50cz48YTpjbHJTY2hlbWUgbmFtZT0iT2ZmaWNlIj48YTpkazE+PGE6c3lzQ2xyIHZhbD0id2luZG93VGV4dCIgbGFzdENscj0iMDAwMDAwIi8+PC9hOmRrMT48YTpsdDE+PGE6c3lzQ2xyIHZhbD0id2luZG93IiBsYXN0Q2xyPSJGRkZGRkYiLz48L2E6bHQxPjxhOmRrMj48YTpzcmdiQ2xyIHZhbD0iMUY0OTdEIi8+PC9hOmRrMj48YTpsdDI+PGE6c3JnYkNsciB2YWw9IkVFRUNFMSIvPjwvYTpsdDI+PGE6YWNjZW50MT48YTpzcmdiQ2xyIHZhbD0iNEY4MUJEIi8+PC9hOmFjY2VudDE+PGE6YWNjZW50Mj48YTpzcmdiQ2xyIHZhbD0iQzA1MDREIi8+PC9hOmFjY2VudDI+PGE6YWNjZW50Mz48YTpzcmdiQ2xyIHZhbD0iOUJCQjU5Ii8+PC9hOmFjY2VudDM+PGE6YWNjZW50ND48YTpzcmdiQ2xyIHZhbD0iODA2NEEyIi8+PC9hOmFjY2VudDQ+PGE6YWNjZW50NT48YTpzcmdiQ2xyIHZhbD0iNEJBQ0M2Ii8+PC9hOmFjY2VudDU+PGE6YWNjZW50Nj48YTpzcmdiQ2xyIHZhbD0iRjc5NjQ2Ii8+PC9hOmFjY2VudDY+PGE6aGxpbms+PGE6c3JnYkNsciB2YWw9IjAwMDBGRiIvPjwvYTpobGluaz48YTpmb2xIbGluaz48YTpzcmdiQ2xyIHZhbD0iODAwMDgwIi8+PC9hOmZvbEhsaW5rPjwvYTpjbHJTY2hlbWU+PGE6Zm9udFNjaGVtZSBuYW1lPSJPZmZpY2UiPjxhOm1ham9yRm9udD48YTpsYXRpbiB0eXBlZmFjZT0iQ2FtYnJpYSIvPjxhOmVhIHR5cGVmYWNlPSIiLz48YTpjcyB0eXBlZmFjZT0iIi8+PGE6Zm9udCBzY3JpcHQ9IkpwYW4iIHR5cGVmYWNlPSLvvK3vvLMg77yw44K044K344OD44KvIi8+PGE6Zm9udCBzY3JpcHQ9IkhhbmciIHR5cGVmYWNlPSLrp5HsnYAg6rOg65SVIi8+PGE6Zm9udCBzY3JpcHQ9IkhhbnMiIHR5cGVmYWNlPSLlrovkvZMiLz48YTpmb250IHNjcmlwdD0iSGFudCIgdHlwZWZhY2U9IuaWsOe0sOaYjumrlCIvPjxhOmZvbnQgc2NyaXB0PSJBcmFiIiB0eXBlZmFjZT0iVGltZXMgTmV3IFJvbWFuIi8+PGE6Zm9udCBzY3JpcHQ9IkhlYnIiIHR5cGVmYWNlPSJUaW1lcyBOZXcgUm9tYW4iLz48YTpmb250IHNjcmlwdD0iVGhhaSIgdHlwZWZhY2U9IlRhaG9tYSIvPjxhOmZvbnQgc2NyaXB0PSJFdGhpIiB0eXBlZmFjZT0iTnlhbGEiLz48YTpmb250IHNjcmlwdD0iQmVuZyIgdHlwZWZhY2U9IlZyaW5kYSIvPjxhOmZvbnQgc2NyaXB0PSJHdWpyIiB0eXBlZmFjZT0iU2hydXRpIi8+PGE6Zm9udCBzY3JpcHQ9IktobXIiIHR5cGVmYWNlPSJNb29sQm9yYW4iLz48YTpmb250IHNjcmlwdD0iS25kYSIgdHlwZWZhY2U9IlR1bmdhIi8+PGE6Zm9udCBzY3JpcHQ9Ikd1cnUiIHR5cGVmYWNlPSJSYWF2aSIvPjxhOmZvbnQgc2NyaXB0PSJDYW5zIiB0eXBlZmFjZT0iRXVwaGVtaWEiLz48YTpmb250IHNjcmlwdD0iQ2hlciIgdHlwZWZhY2U9IlBsYW50YWdlbmV0IENoZXJva2VlIi8+PGE6Zm9udCBzY3JpcHQ9IllpaWkiIHR5cGVmYWNlPSJNaWNyb3NvZnQgWWkgQmFpdGkiLz48YTpmb250IHNjcmlwdD0iVGlidCIgdHlwZWZhY2U9Ik1pY3Jvc29mdCBIaW1hbGF5YSIvPjxhOmZvbnQgc2NyaXB0PSJUaGFhIiB0eXBlZmFjZT0iTVYgQm9saSIvPjxhOmZvbnQgc2NyaXB0PSJEZXZhIiB0eXBlZmFjZT0iTWFuZ2FsIi8+PGE6Zm9udCBzY3JpcHQ9IlRlbHUiIHR5cGVmYWNlPSJHYXV0YW1pIi8+PGE6Zm9udCBzY3JpcHQ9IlRhbWwiIHR5cGVmYWNlPSJMYXRoYSIvPjxhOmZvbnQgc2NyaXB0PSJTeXJjIiB0eXBlZmFjZT0iRXN0cmFuZ2VsbyBFZGVzc2EiLz48YTpmb250IHNjcmlwdD0iT3J5YSIgdHlwZWZhY2U9IkthbGluZ2EiLz48YTpmb250IHNjcmlwdD0iTWx5bSIgdHlwZWZhY2U9IkthcnRpa2EiLz48YTpmb250IHNjcmlwdD0iTGFvbyIgdHlwZWZhY2U9IkRva0NoYW1wYSIvPjxhOmZvbnQgc2NyaXB0PSJTaW5oIiB0eXBlZmFjZT0iSXNrb29sYSBQb3RhIi8+PGE6Zm9udCBzY3JpcHQ9Ik1vbmciIHR5cGVmYWNlPSJNb25nb2xpYW4gQmFpdGkiLz48YTpmb250IHNjcmlwdD0iVmlldCIgdHlwZWZhY2U9IlRpbWVzIE5ldyBSb21hbiIvPjxhOmZvbnQgc2NyaXB0PSJVaWdoIiB0eXBlZmFjZT0iTWljcm9zb2Z0IFVpZ2h1ciIvPjxhOmZvbnQgc2NyaXB0PSJHZW9yIiB0eXBlZmFjZT0iU3lsZmFlbiIvPjwvYTptYWpvckZvbnQ+PGE6bWlub3JGb250PjxhOmxhdGluIHR5cGVmYWNlPSJDYWxpYnJpIi8+PGE6ZWEgdHlwZWZhY2U9IiIvPjxhOmNzIHR5cGVmYWNlPSIiLz48YTpmb250IHNjcmlwdD0iSnBhbiIgdHlwZWZhY2U9Iu+8re+8syDvvLDjgrTjgrfjg4Pjgq8iLz48YTpmb250IHNjcmlwdD0iSGFuZyIgdHlwZWZhY2U9IuunkeydgCDqs6DrlJUiLz48YTpmb250IHNjcmlwdD0iSGFucyIgdHlwZWZhY2U9IuWui+S9kyIvPjxhOmZvbnQgc2NyaXB0PSJIYW50IiB0eXBlZmFjZT0i5paw57Sw5piO6auUIi8+PGE6Zm9udCBzY3JpcHQ9IkFyYWIiIHR5cGVmYWNlPSJBcmlhbCIvPjxhOmZvbnQgc2NyaXB0PSJIZWJyIiB0eXBlZmFjZT0iQXJpYWwiLz48YTpmb250IHNjcmlwdD0iVGhhaSIgdHlwZWZhY2U9IlRhaG9tYSIvPjxhOmZvbnQgc2NyaXB0PSJFdGhpIiB0eXBlZmFjZT0iTnlhbGEiLz48YTpmb250IHNjcmlwdD0iQmVuZyIgdHlwZWZhY2U9IlZyaW5kYSIvPjxhOmZvbnQgc2NyaXB0PSJHdWpyIiB0eXBlZmFjZT0iU2hydXRpIi8+PGE6Zm9udCBzY3JpcHQ9IktobXIiIHR5cGVmYWNlPSJEYXVuUGVuaCIvPjxhOmZvbnQgc2NyaXB0PSJLbmRhIiB0eXBlZmFjZT0iVHVuZ2EiLz48YTpmb250IHNjcmlwdD0iR3VydSIgdHlwZWZhY2U9IlJhYXZpIi8+PGE6Zm9udCBzY3JpcHQ9IkNhbnMiIHR5cGVmYWNlPSJFdXBoZW1pYSIvPjxhOmZvbnQgc2NyaXB0PSJDaGVyIiB0eXBlZmFjZT0iUGxhbnRhZ2VuZXQgQ2hlcm9rZWUiLz48YTpmb250IHNjcmlwdD0iWWlpaSIgdHlwZWZhY2U9Ik1pY3Jvc29mdCBZaSBCYWl0aSIvPjxhOmZvbnQgc2NyaXB0PSJUaWJ0IiB0eXBlZmFjZT0iTWljcm9zb2Z0IEhpbWFsYXlhIi8+PGE6Zm9udCBzY3JpcHQ9IlRoYWEiIHR5cGVmYWNlPSJNViBCb2xpIi8+PGE6Zm9udCBzY3JpcHQ9IkRldmEiIHR5cGVmYWNlPSJNYW5nYWwiLz48YTpmb250IHNjcmlwdD0iVGVsdSIgdHlwZWZhY2U9IkdhdXRhbWkiLz48YTpmb250IHNjcmlwdD0iVGFtbCIgdHlwZWZhY2U9IkxhdGhhIi8+PGE6Zm9udCBzY3JpcHQ9IlN5cmMiIHR5cGVmYWNlPSJFc3RyYW5nZWxvIEVkZXNzYSIvPjxhOmZvbnQgc2NyaXB0PSJPcnlhIiB0eXBlZmFjZT0iS2FsaW5nYSIvPjxhOmZvbnQgc2NyaXB0PSJNbHltIiB0eXBlZmFjZT0iS2FydGlrYSIvPjxhOmZvbnQgc2NyaXB0PSJMYW9vIiB0eXBlZmFjZT0iRG9rQ2hhbXBhIi8+PGE6Zm9udCBzY3JpcHQ9IlNpbmgiIHR5cGVmYWNlPSJJc2tvb2xhIFBvdGEiLz48YTpmb250IHNjcmlwdD0iTW9uZyIgdHlwZWZhY2U9Ik1vbmdvbGlhbiBCYWl0aSIvPjxhOmZvbnQgc2NyaXB0PSJWaWV0IiB0eXBlZmFjZT0iQXJpYWwiLz48YTpmb250IHNjcmlwdD0iVWlnaCIgdHlwZWZhY2U9Ik1pY3Jvc29mdCBVaWdodXIiLz48YTpmb250IHNjcmlwdD0iR2VvciIgdHlwZWZhY2U9IlN5bGZhZW4iLz48L2E6bWlub3JGb250PjwvYTpmb250U2NoZW1lPjxhOmZtdFNjaGVtZSBuYW1lPSJPZmZpY2UiPjxhOmZpbGxTdHlsZUxzdD48YTpzb2xpZEZpbGw+PGE6c2NoZW1lQ2xyIHZhbD0icGhDbHIiLz48L2E6c29saWRGaWxsPjxhOmdyYWRGaWxsIHJvdFdpdGhTaGFwZT0iMSI+PGE6Z3NMc3Q+PGE6Z3MgcG9zPSIwIj48YTpzY2hlbWVDbHIgdmFsPSJwaENsciI+PGE6dGludCB2YWw9IjUwMDAwIi8+PGE6c2F0TW9kIHZhbD0iMzAwMDAwIi8+PC9hOnNjaGVtZUNscj48L2E6Z3M+PGE6Z3MgcG9zPSIzNTAwMCI+PGE6c2NoZW1lQ2xyIHZhbD0icGhDbHIiPjxhOnRpbnQgdmFsPSIzNzAwMCIvPjxhOnNhdE1vZCB2YWw9IjMwMDAwMCIvPjwvYTpzY2hlbWVDbHI+PC9hOmdzPjxhOmdzIHBvcz0iMTAwMDAwIj48YTpzY2hlbWVDbHIgdmFsPSJwaENsciI+PGE6dGludCB2YWw9IjE1MDAwIi8+PGE6c2F0TW9kIHZhbD0iMzUwMDAwIi8+PC9hOnNjaGVtZUNscj48L2E6Z3M+PC9hOmdzTHN0PjxhOmxpbiBhbmc9IjE2MjAwMDAwIiBzY2FsZWQ9IjEiLz48L2E6Z3JhZEZpbGw+PGE6Z3JhZEZpbGwgcm90V2l0aFNoYXBlPSIxIj48YTpnc0xzdD48YTpncyBwb3M9IjAiPjxhOnNjaGVtZUNsciB2YWw9InBoQ2xyIj48YTp0aW50IHZhbD0iMTAwMDAwIi8+PGE6c2hhZGUgdmFsPSIxMDAwMDAiLz48YTpzYXRNb2QgdmFsPSIxMzAwMDAiLz48L2E6c2NoZW1lQ2xyPjwvYTpncz48YTpncyBwb3M9IjEwMDAwMCI+PGE6c2NoZW1lQ2xyIHZhbD0icGhDbHIiPjxhOnRpbnQgdmFsPSI1MDAwMCIvPjxhOnNoYWRlIHZhbD0iMTAwMDAwIi8+PGE6c2F0TW9kIHZhbD0iMzUwMDAwIi8+PC9hOnNjaGVtZUNscj48L2E6Z3M+PC9hOmdzTHN0PjxhOmxpbiBhbmc9IjE2MjAwMDAwIiBzY2FsZWQ9IjAiLz48L2E6Z3JhZEZpbGw+PC9hOmZpbGxTdHlsZUxzdD48YTpsblN0eWxlTHN0PjxhOmxuIHc9Ijk1MjUiIGNhcD0iZmxhdCIgY21wZD0ic25nIiBhbGduPSJjdHIiPjxhOnNvbGlkRmlsbD48YTpzY2hlbWVDbHIgdmFsPSJwaENsciI+PGE6c2hhZGUgdmFsPSI5NTAwMCIvPjxhOnNhdE1vZCB2YWw9IjEwNTAwMCIvPjwvYTpzY2hlbWVDbHI+PC9hOnNvbGlkRmlsbD48YTpwcnN0RGFzaCB2YWw9InNvbGlkIi8+PC9hOmxuPjxhOmxuIHc9IjI1NDAwIiBjYXA9ImZsYXQiIGNtcGQ9InNuZyIgYWxnbj0iY3RyIj48YTpzb2xpZEZpbGw+PGE6c2NoZW1lQ2xyIHZhbD0icGhDbHIiLz48L2E6c29saWRGaWxsPjxhOnByc3REYXNoIHZhbD0ic29saWQiLz48L2E6bG4+PGE6bG4gdz0iMzgxMDAiIGNhcD0iZmxhdCIgY21wZD0ic25nIiBhbGduPSJjdHIiPjxhOnNvbGlkRmlsbD48YTpzY2hlbWVDbHIgdmFsPSJwaENsciIvPjwvYTpzb2xpZEZpbGw+PGE6cHJzdERhc2ggdmFsPSJzb2xpZCIvPjwvYTpsbj48L2E6bG5TdHlsZUxzdD48YTplZmZlY3RTdHlsZUxzdD48YTplZmZlY3RTdHlsZT48YTplZmZlY3RMc3Q+PGE6b3V0ZXJTaGR3IGJsdXJSYWQ9IjQwMDAwIiBkaXN0PSIyMDAwMCIgZGlyPSI1NDAwMDAwIiByb3RXaXRoU2hhcGU9IjAiPjxhOnNyZ2JDbHIgdmFsPSIwMDAwMDAiPjxhOmFscGhhIHZhbD0iMzgwMDAiLz48L2E6c3JnYkNscj48L2E6b3V0ZXJTaGR3PjwvYTplZmZlY3RMc3Q+PC9hOmVmZmVjdFN0eWxlPjxhOmVmZmVjdFN0eWxlPjxhOmVmZmVjdExzdD48YTpvdXRlclNoZHcgYmx1clJhZD0iNDAwMDAiIGRpc3Q9IjIzMDAwIiBkaXI9IjU0MDAwMDAiIHJvdFdpdGhTaGFwZT0iMCI+PGE6c3JnYkNsciB2YWw9IjAwMDAwMCI+PGE6YWxwaGEgdmFsPSIzNTAwMCIvPjwvYTpzcmdiQ2xyPjwvYTpvdXRlclNoZHc+PC9hOmVmZmVjdExzdD48L2E6ZWZmZWN0U3R5bGU+PGE6ZWZmZWN0U3R5bGU+PGE6ZWZmZWN0THN0PjxhOm91dGVyU2hkdyBibHVyUmFkPSI0MDAwMCIgZGlzdD0iMjMwMDAiIGRpcj0iNTQwMDAwMCIgcm90V2l0aFNoYXBlPSIwIj48YTpzcmdiQ2xyIHZhbD0iMDAwMDAwIj48YTphbHBoYSB2YWw9IjM1MDAwIi8+PC9hOnNyZ2JDbHI+PC9hOm91dGVyU2hkdz48L2E6ZWZmZWN0THN0PjxhOnNjZW5lM2Q+PGE6Y2FtZXJhIHByc3Q9Im9ydGhvZ3JhcGhpY0Zyb250Ij48YTpyb3QgbGF0PSIwIiBsb249IjAiIHJldj0iMCIvPjwvYTpjYW1lcmE+PGE6bGlnaHRSaWcgcmlnPSJ0aHJlZVB0IiBkaXI9InQiPjxhOnJvdCBsYXQ9IjAiIGxvbj0iMCIgcmV2PSIxMjAwMDAwIi8+PC9hOmxpZ2h0UmlnPjwvYTpzY2VuZTNkPjxhOnNwM2Q+PGE6YmV2ZWxUIHc9IjYzNTAwIiBoPSIyNTQwMCIvPjwvYTpzcDNkPjwvYTplZmZlY3RTdHlsZT48L2E6ZWZmZWN0U3R5bGVMc3Q+PGE6YmdGaWxsU3R5bGVMc3Q+PGE6c29saWRGaWxsPjxhOnNjaGVtZUNsciB2YWw9InBoQ2xyIi8+PC9hOnNvbGlkRmlsbD48YTpncmFkRmlsbCByb3RXaXRoU2hhcGU9IjEiPjxhOmdzTHN0PjxhOmdzIHBvcz0iMCI+PGE6c2NoZW1lQ2xyIHZhbD0icGhDbHIiPjxhOnRpbnQgdmFsPSI0MDAwMCIvPjxhOnNhdE1vZCB2YWw9IjM1MDAwMCIvPjwvYTpzY2hlbWVDbHI+PC9hOmdzPjxhOmdzIHBvcz0iNDAwMDAiPjxhOnNjaGVtZUNsciB2YWw9InBoQ2xyIj48YTp0aW50IHZhbD0iNDUwMDAiLz48YTpzaGFkZSB2YWw9Ijk5MDAwIi8+PGE6c2F0TW9kIHZhbD0iMzUwMDAwIi8+PC9hOnNjaGVtZUNscj48L2E6Z3M+PGE6Z3MgcG9zPSIxMDAwMDAiPjxhOnNjaGVtZUNsciB2YWw9InBoQ2xyIj48YTpzaGFkZSB2YWw9IjIwMDAwIi8+PGE6c2F0TW9kIHZhbD0iMjU1MDAwIi8+PC9hOnNjaGVtZUNscj48L2E6Z3M+PC9hOmdzTHN0PjxhOnBhdGggcGF0aD0iY2lyY2xlIj48YTpmaWxsVG9SZWN0IGw9IjUwMDAwIiB0PSItODAwMDAiIHI9IjUwMDAwIiBiPSIxODAwMDAiLz48L2E6cGF0aD48L2E6Z3JhZEZpbGw+PGE6Z3JhZEZpbGwgcm90V2l0aFNoYXBlPSIxIj48YTpnc0xzdD48YTpncyBwb3M9IjAiPjxhOnNjaGVtZUNsciB2YWw9InBoQ2xyIj48YTp0aW50IHZhbD0iODAwMDAiLz48YTpzYXRNb2QgdmFsPSIzMDAwMDAiLz48L2E6c2NoZW1lQ2xyPjwvYTpncz48YTpncyBwb3M9IjEwMDAwMCI+PGE6c2NoZW1lQ2xyIHZhbD0icGhDbHIiPjxhOnNoYWRlIHZhbD0iMzAwMDAiLz48YTpzYXRNb2QgdmFsPSIyMDAwMDAiLz48L2E6c2NoZW1lQ2xyPjwvYTpncz48L2E6Z3NMc3Q+PGE6cGF0aCBwYXRoPSJjaXJjbGUiPjxhOmZpbGxUb1JlY3QgbD0iNTAwMDAiIHQ9IjUwMDAwIiByPSI1MDAwMCIgYj0iNTAwMDAiLz48L2E6cGF0aD48L2E6Z3JhZEZpbGw+PC9hOmJnRmlsbFN0eWxlTHN0PjwvYTpmbXRTY2hlbWU+PC9hOnRoZW1lRWxlbWVudHM+PGE6b2JqZWN0RGVmYXVsdHM+PGE6c3BEZWY+PGE6c3BQci8+PGE6Ym9keVByLz48YTpsc3RTdHlsZS8+PGE6c3R5bGU+PGE6bG5SZWYgaWR4PSIxIj48YTpzY2hlbWVDbHIgdmFsPSJhY2NlbnQxIi8+PC9hOmxuUmVmPjxhOmZpbGxSZWYgaWR4PSIzIj48YTpzY2hlbWVDbHIgdmFsPSJhY2NlbnQxIi8+PC9hOmZpbGxSZWY+PGE6ZWZmZWN0UmVmIGlkeD0iMiI+PGE6c2NoZW1lQ2xyIHZhbD0iYWNjZW50MSIvPjwvYTplZmZlY3RSZWY+PGE6Zm9udFJlZiBpZHg9Im1pbm9yIj48YTpzY2hlbWVDbHIgdmFsPSJsdDEiLz48L2E6Zm9udFJlZj48L2E6c3R5bGU+PC9hOnNwRGVmPjxhOmxuRGVmPjxhOnNwUHIvPjxhOmJvZHlQci8+PGE6bHN0U3R5bGUvPjxhOnN0eWxlPjxhOmxuUmVmIGlkeD0iMiI+PGE6c2NoZW1lQ2xyIHZhbD0iYWNjZW50MSIvPjwvYTpsblJlZj48YTpmaWxsUmVmIGlkeD0iMCI+PGE6c2NoZW1lQ2xyIHZhbD0iYWNjZW50MSIvPjwvYTpmaWxsUmVmPjxhOmVmZmVjdFJlZiBpZHg9IjEiPjxhOnNjaGVtZUNsciB2YWw9ImFjY2VudDEiLz48L2E6ZWZmZWN0UmVmPjxhOmZvbnRSZWYgaWR4PSJtaW5vciI+PGE6c2NoZW1lQ2xyIHZhbD0idHgxIi8+PC9hOmZvbnRSZWY+PC9hOnN0eWxlPjwvYTpsbkRlZj48L2E6b2JqZWN0RGVmYXVsdHM+PGE6ZXh0cmFDbHJTY2hlbWVMc3QvPjwvYTp0aGVtZT5QSwMEFAAAAAAAAAAAAHKnENevBAAArwQAAA0AAAB4bC9zdHlsZXMueG1sPD94bWwgdmVyc2lvbj0iMS4wIiBlbmNvZGluZz0iVVRGLTgiIHN0YW5kYWxvbmU9InllcyI/Pg0KPHN0eWxlU2hlZXQgeG1sbnM9Imh0dHA6Ly9zY2hlbWFzLm9wZW54bWxmb3JtYXRzLm9yZy9zcHJlYWRzaGVldG1sLzIwMDYvbWFpbiIgeG1sbnM6dnQ9Imh0dHA6Ly9zY2hlbWFzLm9wZW54bWxmb3JtYXRzLm9yZy9vZmZpY2VEb2N1bWVudC8yMDA2L2RvY1Byb3BzVlR5cGVzIj48bnVtRm10cyBjb3VudD0iMSI+PG51bUZtdCBudW1GbXRJZD0iNTYiIGZvcm1hdENvZGU9IiZxdW90O+S4iuWNiC/kuIvljYggJnF1b3Q7aGgmcXVvdDvmmYImcXVvdDttbSZxdW90O+WIhiZxdW90O3NzJnF1b3Q756eSICZxdW90OyIvPjwvbnVtRm10cz48Zm9udHMgY291bnQ9IjEiPjxmb250PjxzeiB2YWw9IjEyIi8+PGNvbG9yIHRoZW1lPSIxIi8+PG5hbWUgdmFsPSJDYWxpYnJpIi8+PGZhbWlseSB2YWw9IjIiLz48c2NoZW1lIHZhbD0ibWlub3IiLz48L2ZvbnQ+PC9mb250cz48ZmlsbHMgY291bnQ9IjIiPjxmaWxsPjxwYXR0ZXJuRmlsbCBwYXR0ZXJuVHlwZT0ibm9uZSIvPjwvZmlsbD48ZmlsbD48cGF0dGVybkZpbGwgcGF0dGVyblR5cGU9ImdyYXkxMjUiLz48L2ZpbGw+PC9maWxscz48Ym9yZGVycyBjb3VudD0iMSI+PGJvcmRlcj48bGVmdC8+PHJpZ2h0Lz48dG9wLz48Ym90dG9tLz48ZGlhZ29uYWwvPjwvYm9yZGVyPjwvYm9yZGVycz48Y2VsbFN0eWxlWGZzIGNvdW50PSIxIj48eGYgbnVtRm10SWQ9IjAiIGZvbnRJZD0iMCIgZmlsbElkPSIwIiBib3JkZXJJZD0iMCIvPjwvY2VsbFN0eWxlWGZzPjxjZWxsWGZzIGNvdW50PSIyIj48eGYgbnVtRm10SWQ9IjAiIGZvbnRJZD0iMCIgZmlsbElkPSIwIiBib3JkZXJJZD0iMCIgeGZJZD0iMCIgYXBwbHlOdW1iZXJGb3JtYXQ9IjEiLz48eGYgbnVtRm10SWQ9IjE0IiBmb250SWQ9IjAiIGZpbGxJZD0iMCIgYm9yZGVySWQ9IjAiIHhmSWQ9IjAiIGFwcGx5TnVtYmVyRm9ybWF0PSIxIi8+PC9jZWxsWGZzPjxjZWxsU3R5bGVzIGNvdW50PSIxIj48Y2VsbFN0eWxlIG5hbWU9Ik5vcm1hbCIgeGZJZD0iMCIgYnVpbHRpbklkPSIwIi8+PC9jZWxsU3R5bGVzPjxkeGZzIGNvdW50PSIwIi8+PHRhYmxlU3R5bGVzIGNvdW50PSIwIiBkZWZhdWx0VGFibGVTdHlsZT0iVGFibGVTdHlsZU1lZGl1bTkiIGRlZmF1bHRQaXZvdFN0eWxlPSJQaXZvdFN0eWxlTWVkaXVtNCIvPjwvc3R5bGVTaGVldD5QSwMEFAAAAAAAAAAAAORRigylDQAApQ0AABgAAAB4bC93b3Jrc2hlZXRzL3NoZWV0MS54bWw8P3htbCB2ZXJzaW9uPSIxLjAiIGVuY29kaW5nPSJVVEYtOCIgc3RhbmRhbG9uZT0ieWVzIj8+DQo8d29ya3NoZWV0IHhtbG5zPSJodHRwOi8vc2NoZW1hcy5vcGVueG1sZm9ybWF0cy5vcmcvc3ByZWFkc2hlZXRtbC8yMDA2L21haW4iIHhtbG5zOnI9Imh0dHA6Ly9zY2hlbWFzLm9wZW54bWxmb3JtYXRzLm9yZy9vZmZpY2VEb2N1bWVudC8yMDA2L3JlbGF0aW9uc2hpcHMiPjxkaW1lbnNpb24gcmVmPSJBMTpHMTEiLz48c2hlZXRWaWV3cz48c2hlZXRWaWV3IHdvcmtib29rVmlld0lkPSIwIi8+PC9zaGVldFZpZXdzPjxzaGVldERhdGE+PHJvdyByPSIxIj48YyByPSJBMSIgdD0ic3RyIj48dj5vcmRlck51bWJlcjwvdj48L2M+PGMgcj0iQjEiIHQ9InN0ciI+PHY+Y3VzdG9tZXI8L3Y+PC9jPjxjIHI9IkMxIiB0PSJzdHIiPjx2PnByb2R1Y3ROYW1lPC92PjwvYz48YyByPSJEMSIgdD0ic3RyIj48dj5xdHk8L3Y+PC9jPjxjIHI9IkUxIiB0PSJzdHIiPjx2PnN0YXR1czwvdj48L2M+PGMgcj0iRjEiIHQ9InN0ciI+PHY+ZHVlRGF0ZTwvdj48L2M+PGMgcj0iRzEiIHQ9InN0ciI+PHY+dmFsdWVFdXI8L3Y+PC9jPjwvcm93Pjxyb3cgcj0iMiI+PGMgcj0iQTIiIHQ9InN0ciI+PHY+T1JELTQ4MjA8L3Y+PC9jPjxjIHI9IkIyIiB0PSJzdHIiPjx2PlNpZW1lbnMgR2FtZXNhPC92PjwvYz48YyByPSJDMiIgdD0ic3RyIj48dj5XaW5kIFR1cmJpbmUgQmxhZGUgQi0zODwvdj48L2M+PGMgcj0iRDIiPjx2PjEyPC92PjwvYz48YyByPSJFMiIgdD0ic3RyIj48dj5DQU5DRUxMRUQ8L3Y+PC9jPjxjIHI9IkYyIiBzPSIxIj48dj40NjIwNC4wODMzMzMzMzMzMzY8L3Y+PC9jPjxjIHI9IkcyIj48dj43MjAwMDA8L3Y+PC9jPjwvcm93Pjxyb3cgcj0iMyI+PGMgcj0iQTMiIHQ9InN0ciI+PHY+T1JELTQ4MTU8L3Y+PC9jPjxjIHI9IkIzIiB0PSJzdHIiPjx2PkFuZHJpdHogQUc8L3Y+PC9jPjxjIHI9IkMzIiB0PSJzdHIiPjx2PlNocmVkZGVyIEJsYWRlIFNCLTIwMDwvdj48L2M+PGMgcj0iRDMiPjx2PjgwPC92PjwvYz48YyByPSJFMyIgdD0ic3RyIj48dj5DT01QTEVURUQ8L3Y+PC9jPjxjIHI9IkYzIiBzPSIxIj48dj40NjE1Mi4wODMzMzMzMzMzMzY8L3Y+PC9jPjxjIHI9IkczIj48dj4xMjgwMDwvdj48L2M+PC9yb3c+PHJvdyByPSI0Ij48YyByPSJBNCIgdD0ic3RyIj48dj5PUkQtNDgxMDwvdj48L2M+PGMgcj0iQjQiIHQ9InN0ciI+PHY+Tm9yZGV4IEdyb3VwPC92PjwvYz48YyByPSJDNCIgdD0ic3RyIj48dj5XaW5kIFR1cmJpbmUgQmxhZGUgQi01Mjwvdj48L2M+PGMgcj0iRDQiPjx2Pjk8L3Y+PC9jPjxjIHI9IkU0IiB0PSJzdHIiPjx2PkNPTVBMRVRFRDwvdj48L2M+PGMgcj0iRjQiIHM9IjEiPjx2PjQ2MTQyLjA4MzMzMzMzMzMzNjwvdj48L2M+PGMgcj0iRzQiPjx2PjEzMzUwMDA8L3Y+PC9jPjwvcm93Pjxyb3cgcj0iNSI+PGMgcj0iQTUiIHQ9InN0ciI+PHY+T1JELTQ4MTk8L3Y+PC9jPjxjIHI9IkI1IiB0PSJzdHIiPjx2PkNsYWFzIEdyb3VwPC92PjwvYz48YyByPSJDNSIgdD0ic3RyIj48dj5BZ3JpY3VsdHVyYWwgTW93ZXIgQmxhZGUgQU0tNjAwPC92PjwvYz48YyByPSJENSI+PHY+MjAwMDwvdj48L2M+PGMgcj0iRTUiIHQ9InN0ciI+PHY+Q09NUExFVEVEPC92PjwvYz48YyByPSJGNSIgcz0iMSI+PHY+NDYxNzAuMDgzMzMzMzMzMzM2PC92PjwvYz48YyByPSJHNSI+PHY+NDIwMDA8L3Y+PC9jPjwvcm93Pjxyb3cgcj0iNiI+PGMgcj0iQTYiIHQ9InN0ciI+PHY+T1JELTQ4MTQ8L3Y+PC9jPjxjIHI9IkI2IiB0PSJzdHIiPjx2PkpvaG4gRGVlcmU8L3Y+PC9jPjxjIHI9IkM2IiB0PSJzdHIiPjx2PkFncmljdWx0dXJhbCBNb3dlciBCbGFkZSBBTS02MDA8L3Y+PC9jPjxjIHI9IkQ2Ij48dj4xNTAwPC92PjwvYz48YyByPSJFNiIgdD0ic3RyIj48dj5DT01QTEVURUQ8L3Y+PC9jPjxjIHI9IkY2IiBzPSIxIj48dj40NjE3OC4wODMzMzMzMzMzMzY8L3Y+PC9jPjxjIHI9Ikc2Ij48dj4zMTUwMDwvdj48L2M+PC9yb3c+PHJvdyByPSI3Ij48YyByPSJBNyIgdD0ic3RyIj48dj5PUkQtNDgxMzwvdj48L2M+PGMgcj0iQjciIHQ9InN0ciI+PHY+SGV4Y2VsIENvcnA8L3Y+PC9jPjxjIHI9IkM3IiB0PSJzdHIiPjx2PkJhbmRzYXcgQmxhZGUgQlMtNDAwMDwvdj48L2M+PGMgcj0iRDciPjx2PjIwMDwvdj48L2M+PGMgcj0iRTciIHQ9InN0ciI+PHY+Q09NUExFVEVEPC92PjwvYz48YyByPSJGNyIgcz0iMSI+PHY+NDYxNjQuMDgzMzMzMzMzMzM2PC92PjwvYz48YyByPSJHNyI+PHY+OTYwMDwvdj48L2M+PC9yb3c+PHJvdyByPSI4Ij48YyByPSJBOCIgdD0ic3RyIj48dj5PUkQtNDgxNzwvdj48L2M+PGMgcj0iQjgiIHQ9InN0ciI+PHY+QWlyYnVzIEhlbGljb3B0ZXJzPC92PjwvYz48YyByPSJDOCIgdD0ic3RyIj48dj5IZWxpY29wdGVyIFJvdG9yIEJsYWRlIEhSLTE0PC92PjwvYz48YyByPSJEOCI+PHY+NDwvdj48L2M+PGMgcj0iRTgiIHQ9InN0ciI+PHY+Q0FOQ0VMTEVEPC92PjwvYz48YyByPSJGOCIgcz0iMSI+PHY+NDYyMDMuMDgzMzMzMzMzMzM2PC92PjwvYz48YyByPSJHOCI+PHY+NTQwMDAwPC92PjwvYz48L3Jvdz48cm93IHI9IjkiPjxjIHI9IkE5IiB0PSJzdHIiPjx2Pk9SRC00ODEyPC92PjwvYz48YyByPSJCOSIgdD0ic3RyIj48dj5Sb2xscy1Sb3ljZSBQTEM8L3Y+PC9jPjxjIHI9IkM5IiB0PSJzdHIiPjx2PkdhcyBUdXJiaW5lIEJsYWRlIFRCLTgwPC92PjwvYz48YyByPSJEOSI+PHY+MjA8L3Y+PC9jPjxjIHI9IkU5IiB0PSJzdHIiPjx2PkNPTVBMRVRFRDwvdj48L2M+PGMgcj0iRjkiIHM9IjEiPjx2PjQ2MjMzLjA4MzMzMzMzMzMzNjwvdj48L2M+PGMgcj0iRzkiPjx2PjM4MDAwMDwvdj48L2M+PC9yb3c+PHJvdyByPSIxMCI+PGMgcj0iQTEwIiB0PSJzdHIiPjx2Pk9SRC0xNzgwNDAxODQyMTE0PC92PjwvYz48YyByPSJCMTAiIHQ9InN0ciI+PHY+TmFycm9uIFBldHJvdmNpPC92PjwvYz48YyByPSJDMTAiIHQ9InN0ciI+PHY+PC92PjwvYz48YyByPSJEMTAiPjx2PjA8L3Y+PC9jPjxjIHI9IkUxMCIgdD0ic3RyIj48dj5QRU5ESU5HPC92PjwvYz48YyByPSJGMTAiIHM9IjEiPjx2PjQ2MzYxLjA0MTY2NjY2NjY2NDwvdj48L2M+PGMgcj0iRzEwIj48dj4xMjAwMDwvdj48L2M+PC9yb3c+PHJvdyByPSIxMSI+PGMgcj0iQTExIiB0PSJzdHIiPjx2Pk9SRC0xNzgwNDAzNjUzNzgyPC92PjwvYz48YyByPSJCMTEiIHQ9InN0ciI+PHY+TmFycm9uIFBldHJvdmNpPC92PjwvYz48YyByPSJDMTEiIHQ9InN0ciI+PHY+PC92PjwvYz48YyByPSJEMTEiPjx2PjA8L3Y+PC9jPjxjIHI9IkUxMSIgdD0ic3RyIj48dj5QRU5ESU5HPC92PjwvYz48YyByPSJGMTEiIHM9IjEiPjx2PjQ2MzYxLjA0MTY2NjY2NjY2NDwvdj48L2M+PGMgcj0iRzExIj48dj4xNTUwMDwvdj48L2M+PC9yb3c+PC9zaGVldERhdGE+PGlnbm9yZWRFcnJvcnM+PGlnbm9yZWRFcnJvciBudW1iZXJTdG9yZWRBc1RleHQ9IjEiIHNxcmVmPSJBMTpHMTEiLz48L2lnbm9yZWRFcnJvcnM+PC93b3Jrc2hlZXQ+UEsDBBQAAAAAAAAAAABggACBiAMAAIgDAAAPAAAAeGwvbWV0YWRhdGEueG1sPD94bWwgdmVyc2lvbj0iMS4wIiBlbmNvZGluZz0iVVRGLTgiIHN0YW5kYWxvbmU9InllcyI/Pg0KPG1ldGFkYXRhIHhtbG5zPSJodHRwOi8vc2NoZW1hcy5vcGVueG1sZm9ybWF0cy5vcmcvc3ByZWFkc2hlZXRtbC8yMDA2L21haW4iIHhtbG5zOnhscmQ9Imh0dHA6Ly9zY2hlbWFzLm1pY3Jvc29mdC5jb20vb2ZmaWNlL3NwcmVhZHNoZWV0bWwvMjAxNy9yaWNoZGF0YSIgeG1sbnM6eGRhPSJodHRwOi8vc2NoZW1hcy5taWNyb3NvZnQuY29tL29mZmljZS9zcHJlYWRzaGVldG1sLzIwMTcvZHluYW1pY2FycmF5Ij4KICA8bWV0YWRhdGFUeXBlcyBjb3VudD0iMSI+CiAgICA8bWV0YWRhdGFUeXBlIG5hbWU9IlhMREFQUiIgbWluU3VwcG9ydGVkVmVyc2lvbj0iMTIwMDAwIiBjb3B5PSIxIiBwYXN0ZUFsbD0iMSIgcGFzdGVWYWx1ZXM9IjEiIG1lcmdlPSIxIiBzcGxpdEZpcnN0PSIxIiByb3dDb2xTaGlmdD0iMSIgY2xlYXJGb3JtYXRzPSIxIiBjbGVhckNvbW1lbnRzPSIxIiBhc3NpZ249IjEiIGNvZXJjZT0iMSIgY2VsbE1ldGE9IjEiLz4KICA8L21ldGFkYXRhVHlwZXM+CiAgPGZ1dHVyZU1ldGFkYXRhIG5hbWU9IlhMREFQUiIgY291bnQ9IjEiPgogICAgPGJrPgogICAgICA8ZXh0THN0PgogICAgICAgIDxleHQgdXJpPSJ7YmRiYjhjZGMtZmExZS00OTZlLWE4NTctM2MzZjMwYzAyOWMzfSI+CiAgICAgICAgICA8eGRhOmR5bmFtaWNBcnJheVByb3BlcnRpZXMgZkR5bmFtaWM9IjEiIGZDb2xsYXBzZWQ9IjAiLz4KICAgICAgICA8L2V4dD4KICAgICAgPC9leHRMc3Q+CiAgICA8L2JrPgogIDwvZnV0dXJlTWV0YWRhdGE+CiAgPGNlbGxNZXRhZGF0YSBjb3VudD0iMSI+CiAgICA8Yms+CiAgICAgIDxyYyB0PSIxIiB2PSIwIi8+CiAgICA8L2JrPgogIDwvY2VsbE1ldGFkYXRhPgo8L21ldGFkYXRhPlBLAwQUAAAAAAAAAAAAsoER+UIBAABCAQAADwAAAHhsL3dvcmtib29rLnhtbDw/eG1sIHZlcnNpb249IjEuMCIgZW5jb2Rpbmc9IlVURi04IiBzdGFuZGFsb25lPSJ5ZXMiPz4NCjx3b3JrYm9vayB4bWxucz0iaHR0cDovL3NjaGVtYXMub3BlbnhtbGZvcm1hdHMub3JnL3NwcmVhZHNoZWV0bWwvMjAwNi9tYWluIiB4bWxuczpyPSJodHRwOi8vc2NoZW1hcy5vcGVueG1sZm9ybWF0cy5vcmcvb2ZmaWNlRG9jdW1lbnQvMjAwNi9yZWxhdGlvbnNoaXBzIj48d29ya2Jvb2tQciBjb2RlTmFtZT0iVGhpc1dvcmtib29rIi8+PHNoZWV0cz48c2hlZXQgbmFtZT0iUmVwb3J0IiBzaGVldElkPSIxIiByOmlkPSJySWQxIi8+PC9zaGVldHM+PC93b3JrYm9vaz5QSwMEFAAAAAAAAAAAAEpqEflMAgAATAIAAAsAAABfcmVscy8ucmVsczw/eG1sIHZlcnNpb249IjEuMCIgZW5jb2Rpbmc9IlVURi04IiBzdGFuZGFsb25lPSJ5ZXMiPz4NCjxSZWxhdGlvbnNoaXBzIHhtbG5zPSJodHRwOi8vc2NoZW1hcy5vcGVueG1sZm9ybWF0cy5vcmcvcGFja2FnZS8yMDA2L3JlbGF0aW9uc2hpcHMiPjxSZWxhdGlvbnNoaXAgSWQ9InJJZDIiIFR5cGU9Imh0dHA6Ly9zY2hlbWFzLm9wZW54bWxmb3JtYXRzLm9yZy9wYWNrYWdlLzIwMDYvcmVsYXRpb25zaGlwcy9tZXRhZGF0YS9jb3JlLXByb3BlcnRpZXMiIFRhcmdldD0iZG9jUHJvcHMvY29yZS54bWwiLz48UmVsYXRpb25zaGlwIElkPSJySWQzIiBUeXBlPSJodHRwOi8vc2NoZW1hcy5vcGVueG1sZm9ybWF0cy5vcmcvb2ZmaWNlRG9jdW1lbnQvMjAwNi9yZWxhdGlvbnNoaXBzL2V4dGVuZGVkLXByb3BlcnRpZXMiIFRhcmdldD0iZG9jUHJvcHMvYXBwLnhtbCIvPjxSZWxhdGlvbnNoaXAgSWQ9InJJZDEiIFR5cGU9Imh0dHA6Ly9zY2hlbWFzLm9wZW54bWxmb3JtYXRzLm9yZy9vZmZpY2VEb2N1bWVudC8yMDA2L3JlbGF0aW9uc2hpcHMvb2ZmaWNlRG9jdW1lbnQiIFRhcmdldD0ieGwvd29ya2Jvb2sueG1sIi8+PC9SZWxhdGlvbnNoaXBzPlBLAwQUAAAAAAAAAAAAtHfrPDICAAAyAgAAEAAAAGRvY1Byb3BzL2FwcC54bWw8P3htbCB2ZXJzaW9uPSIxLjAiIGVuY29kaW5nPSJVVEYtOCIgc3RhbmRhbG9uZT0ieWVzIj8+DQo8UHJvcGVydGllcyB4bWxucz0iaHR0cDovL3NjaGVtYXMub3BlbnhtbGZvcm1hdHMub3JnL29mZmljZURvY3VtZW50LzIwMDYvZXh0ZW5kZWQtcHJvcGVydGllcyIgeG1sbnM6dnQ9Imh0dHA6Ly9zY2hlbWFzLm9wZW54bWxmb3JtYXRzLm9yZy9vZmZpY2VEb2N1bWVudC8yMDA2L2RvY1Byb3BzVlR5cGVzIj48QXBwbGljYXRpb24+U2hlZXRKUzwvQXBwbGljYXRpb24+PEhlYWRpbmdQYWlycz48dnQ6dmVjdG9yIHNpemU9IjIiIGJhc2VUeXBlPSJ2YXJpYW50Ij48dnQ6dmFyaWFudD48dnQ6bHBzdHI+V29ya3NoZWV0czwvdnQ6bHBzdHI+PC92dDp2YXJpYW50Pjx2dDp2YXJpYW50Pjx2dDppND4xPC92dDppND48L3Z0OnZhcmlhbnQ+PC92dDp2ZWN0b3I+PC9IZWFkaW5nUGFpcnM+PFRpdGxlc09mUGFydHM+PHZ0OnZlY3RvciBzaXplPSIxIiBiYXNlVHlwZT0ibHBzdHIiPjx2dDpscHN0cj5SZXBvcnQ8L3Z0Omxwc3RyPjwvdnQ6dmVjdG9yPjwvVGl0bGVzT2ZQYXJ0cz48L1Byb3BlcnRpZXM+UEsDBBQAAAAAAAAAAADWknwRWgEAAFoBAAARAAAAZG9jUHJvcHMvY29yZS54bWw8P3htbCB2ZXJzaW9uPSIxLjAiIGVuY29kaW5nPSJVVEYtOCIgc3RhbmRhbG9uZT0ieWVzIj8+DQo8Y3A6Y29yZVByb3BlcnRpZXMgeG1sbnM6Y3A9Imh0dHA6Ly9zY2hlbWFzLm9wZW54bWxmb3JtYXRzLm9yZy9wYWNrYWdlLzIwMDYvbWV0YWRhdGEvY29yZS1wcm9wZXJ0aWVzIiB4bWxuczpkYz0iaHR0cDovL3B1cmwub3JnL2RjL2VsZW1lbnRzLzEuMS8iIHhtbG5zOmRjdGVybXM9Imh0dHA6Ly9wdXJsLm9yZy9kYy90ZXJtcy8iIHhtbG5zOmRjbWl0eXBlPSJodHRwOi8vcHVybC5vcmcvZGMvZGNtaXR5cGUvIiB4bWxuczp4c2k9Imh0dHA6Ly93d3cudzMub3JnLzIwMDEvWE1MU2NoZW1hLWluc3RhbmNlIi8+UEsDBBQAAAAAAAAAAACo12qAFQgAABUIAAATAAAAW0NvbnRlbnRfVHlwZXNdLnhtbDw/eG1sIHZlcnNpb249IjEuMCIgZW5jb2Rpbmc9IlVURi04IiBzdGFuZGFsb25lPSJ5ZXMiPz4NCjxUeXBlcyB4bWxucz0iaHR0cDovL3NjaGVtYXMub3BlbnhtbGZvcm1hdHMub3JnL3BhY2thZ2UvMjAwNi9jb250ZW50LXR5cGVzIiB4bWxuczp4c2Q9Imh0dHA6Ly93d3cudzMub3JnLzIwMDEvWE1MU2NoZW1hIiB4bWxuczp4c2k9Imh0dHA6Ly93d3cudzMub3JnLzIwMDEvWE1MU2NoZW1hLWluc3RhbmNlIj48RGVmYXVsdCBFeHRlbnNpb249InhtbCIgQ29udGVudFR5cGU9ImFwcGxpY2F0aW9uL3htbCIvPjxEZWZhdWx0IEV4dGVuc2lvbj0iYmluIiBDb250ZW50VHlwZT0iYXBwbGljYXRpb24vdm5kLm1zLWV4Y2VsLnNoZWV0LmJpbmFyeS5tYWNyb0VuYWJsZWQubWFpbiIvPjxEZWZhdWx0IEV4dGVuc2lvbj0idm1sIiBDb250ZW50VHlwZT0iYXBwbGljYXRpb24vdm5kLm9wZW54bWxmb3JtYXRzLW9mZmljZWRvY3VtZW50LnZtbERyYXdpbmciLz48RGVmYXVsdCBFeHRlbnNpb249ImRhdGEiIENvbnRlbnRUeXBlPSJhcHBsaWNhdGlvbi92bmQub3BlbnhtbGZvcm1hdHMtb2ZmaWNlZG9jdW1lbnQubW9kZWwrZGF0YSIvPjxEZWZhdWx0IEV4dGVuc2lvbj0iYm1wIiBDb250ZW50VHlwZT0iaW1hZ2UvYm1wIi8+PERlZmF1bHQgRXh0ZW5zaW9uPSJwbmciIENvbnRlbnRUeXBlPSJpbWFnZS9wbmciLz48RGVmYXVsdCBFeHRlbnNpb249ImdpZiIgQ29udGVudFR5cGU9ImltYWdlL2dpZiIvPjxEZWZhdWx0IEV4dGVuc2lvbj0iZW1mIiBDb250ZW50VHlwZT0iaW1hZ2UveC1lbWYiLz48RGVmYXVsdCBFeHRlbnNpb249IndtZiIgQ29udGVudFR5cGU9ImltYWdlL3gtd21mIi8+PERlZmF1bHQgRXh0ZW5zaW9uPSJqcGciIENvbnRlbnRUeXBlPSJpbWFnZS9qcGVnIi8+PERlZmF1bHQgRXh0ZW5zaW9uPSJqcGVnIiBDb250ZW50VHlwZT0iaW1hZ2UvanBlZyIvPjxEZWZhdWx0IEV4dGVuc2lvbj0idGlmIiBDb250ZW50VHlwZT0iaW1hZ2UvdGlmZiIvPjxEZWZhdWx0IEV4dGVuc2lvbj0idGlmZiIgQ29udGVudFR5cGU9ImltYWdlL3RpZmYiLz48RGVmYXVsdCBFeHRlbnNpb249InBkZiIgQ29udGVudFR5cGU9ImFwcGxpY2F0aW9uL3BkZiIvPjxEZWZhdWx0IEV4dGVuc2lvbj0icmVscyIgQ29udGVudFR5cGU9ImFwcGxpY2F0aW9uL3ZuZC5vcGVueG1sZm9ybWF0cy1wYWNrYWdlLnJlbGF0aW9uc2hpcHMreG1sIi8+PE92ZXJyaWRlIFBhcnROYW1lPSIveGwvd29ya2Jvb2sueG1sIiBDb250ZW50VHlwZT0iYXBwbGljYXRpb24vdm5kLm9wZW54bWxmb3JtYXRzLW9mZmljZWRvY3VtZW50LnNwcmVhZHNoZWV0bWwuc2hlZXQubWFpbit4bWwiLz48T3ZlcnJpZGUgUGFydE5hbWU9Ii94bC93b3Jrc2hlZXRzL3NoZWV0MS54bWwiIENvbnRlbnRUeXBlPSJhcHBsaWNhdGlvbi92bmQub3BlbnhtbGZvcm1hdHMtb2ZmaWNlZG9jdW1lbnQuc3ByZWFkc2hlZXRtbC53b3Jrc2hlZXQreG1sIi8+PE92ZXJyaWRlIFBhcnROYW1lPSIveGwvdGhlbWUvdGhlbWUxLnhtbCIgQ29udGVudFR5cGU9ImFwcGxpY2F0aW9uL3ZuZC5vcGVueG1sZm9ybWF0cy1vZmZpY2Vkb2N1bWVudC50aGVtZSt4bWwiLz48T3ZlcnJpZGUgUGFydE5hbWU9Ii94bC9zdHlsZXMueG1sIiBDb250ZW50VHlwZT0iYXBwbGljYXRpb24vdm5kLm9wZW54bWxmb3JtYXRzLW9mZmljZWRvY3VtZW50LnNwcmVhZHNoZWV0bWwuc3R5bGVzK3htbCIvPjxPdmVycmlkZSBQYXJ0TmFtZT0iL2RvY1Byb3BzL2NvcmUueG1sIiBDb250ZW50VHlwZT0iYXBwbGljYXRpb24vdm5kLm9wZW54bWxmb3JtYXRzLXBhY2thZ2UuY29yZS1wcm9wZXJ0aWVzK3htbCIvPjxPdmVycmlkZSBQYXJ0TmFtZT0iL2RvY1Byb3BzL2FwcC54bWwiIENvbnRlbnRUeXBlPSJhcHBsaWNhdGlvbi92bmQub3BlbnhtbGZvcm1hdHMtb2ZmaWNlZG9jdW1lbnQuZXh0ZW5kZWQtcHJvcGVydGllcyt4bWwiLz48T3ZlcnJpZGUgUGFydE5hbWU9Ii94bC9tZXRhZGF0YS54bWwiIENvbnRlbnRUeXBlPSJhcHBsaWNhdGlvbi92bmQub3BlbnhtbGZvcm1hdHMtb2ZmaWNlZG9jdW1lbnQuc3ByZWFkc2hlZXRtbC5zaGVldE1ldGFkYXRhK3htbCIvPjwvVHlwZXM+UEsBAgAAFAAAAAAAAAAAAKQBhLi1AgAAtQIAABoAAAAAAAAAAAAAAAAAAAAAAHhsL19yZWxzL3dvcmtib29rLnhtbC5yZWxzUEsBAgAAFAAAAAAAAAAAADAPiGveHQAA3h0AABMAAAAAAAAAAAAAAAAA7QIAAHhsL3RoZW1lL3RoZW1lMS54bWxQSwECAAAUAAAAAAAAAAAAcqcQ168EAACvBAAADQAAAAAAAAAAAAAAAAD8IAAAeGwvc3R5bGVzLnhtbFBLAQIAABQAAAAAAAAAAADkUYoMpQ0AAKUNAAAYAAAAAAAAAAAAAAAAANYlAAB4bC93b3Jrc2hlZXRzL3NoZWV0MS54bWxQSwECAAAUAAAAAAAAAAAAYIAAgYgDAACIAwAADwAAAAAAAAAAAAAAAACxMwAAeGwvbWV0YWRhdGEueG1sUEsBAgAAFAAAAAAAAAAAALKBEflCAQAAQgEAAA8AAAAAAAAAAAAAAAAAZjcAAHhsL3dvcmtib29rLnhtbFBLAQIAABQAAAAAAAAAAABKahH5TAIAAEwCAAALAAAAAAAAAAAAAAAAANU4AABfcmVscy8ucmVsc1BLAQIAABQAAAAAAAAAAAC0d+s8MgIAADICAAAQAAAAAAAAAAAAAAAAAEo7AABkb2NQcm9wcy9hcHAueG1sUEsBAgAAFAAAAAAAAAAAANaSfBFaAQAAWgEAABEAAAAAAAAAAAAAAAAAqj0AAGRvY1Byb3BzL2NvcmUueG1sUEsBAgAAFAAAAAAAAAAAAKjXaoAVCAAAFQgAABMAAAAAAAAAAAAAAAAAMz8AAFtDb250ZW50X1R5cGVzXS54bWxQSwUGAAAAAAoACgB7AgAAeUcAAAAA	cmprh55jg0000dmaaros54xpj	{"endDate": "2026-06-02T15:57:44.775Z", "rowCount": 10, "startDate": "2026-05-03T15:57:44.775Z", "reportType": "orders"}	2026-06-02 15:57:44.785
cmpwtqy8o002udu9t5aj8wyhb	cmpwtqu0j002qdu9tooqim3t4	GENERATE_XLSX	xlsx	report_inventory_1780416052438.xlsx	UEsDBBQAAAAAAAAAAACkAYS4tQIAALUCAAAaAAAAeGwvX3JlbHMvd29ya2Jvb2sueG1sLnJlbHM8P3htbCB2ZXJzaW9uPSIxLjAiIGVuY29kaW5nPSJVVEYtOCIgc3RhbmRhbG9uZT0ieWVzIj8+DQo8UmVsYXRpb25zaGlwcyB4bWxucz0iaHR0cDovL3NjaGVtYXMub3BlbnhtbGZvcm1hdHMub3JnL3BhY2thZ2UvMjAwNi9yZWxhdGlvbnNoaXBzIj48UmVsYXRpb25zaGlwIElkPSJySWQxIiBUeXBlPSJodHRwOi8vc2NoZW1hcy5vcGVueG1sZm9ybWF0cy5vcmcvb2ZmaWNlRG9jdW1lbnQvMjAwNi9yZWxhdGlvbnNoaXBzL3dvcmtzaGVldCIgVGFyZ2V0PSJ3b3Jrc2hlZXRzL3NoZWV0MS54bWwiLz48UmVsYXRpb25zaGlwIElkPSJySWQyIiBUeXBlPSJodHRwOi8vc2NoZW1hcy5vcGVueG1sZm9ybWF0cy5vcmcvb2ZmaWNlRG9jdW1lbnQvMjAwNi9yZWxhdGlvbnNoaXBzL3RoZW1lIiBUYXJnZXQ9InRoZW1lL3RoZW1lMS54bWwiLz48UmVsYXRpb25zaGlwIElkPSJySWQzIiBUeXBlPSJodHRwOi8vc2NoZW1hcy5vcGVueG1sZm9ybWF0cy5vcmcvb2ZmaWNlRG9jdW1lbnQvMjAwNi9yZWxhdGlvbnNoaXBzL3N0eWxlcyIgVGFyZ2V0PSJzdHlsZXMueG1sIi8+PFJlbGF0aW9uc2hpcCBJZD0icklkNCIgVHlwZT0iaHR0cDovL3NjaGVtYXMub3BlbnhtbGZvcm1hdHMub3JnL29mZmljZURvY3VtZW50LzIwMDYvcmVsYXRpb25zaGlwcy9zaGVldE1ldGFkYXRhIiBUYXJnZXQ9Im1ldGFkYXRhLnhtbCIvPjwvUmVsYXRpb25zaGlwcz5QSwMEFAAAAAAAAAAAADAPiGveHQAA3h0AABMAAAB4bC90aGVtZS90aGVtZTEueG1sPD94bWwgdmVyc2lvbj0iMS4wIiBlbmNvZGluZz0iVVRGLTgiIHN0YW5kYWxvbmU9InllcyI/Pg0KPGE6dGhlbWUgeG1sbnM6YT0iaHR0cDovL3NjaGVtYXMub3BlbnhtbGZvcm1hdHMub3JnL2RyYXdpbmdtbC8yMDA2L21haW4iIG5hbWU9Ik9mZmljZSBUaGVtZSI+PGE6dGhlbWVFbGVtZW50cz48YTpjbHJTY2hlbWUgbmFtZT0iT2ZmaWNlIj48YTpkazE+PGE6c3lzQ2xyIHZhbD0id2luZG93VGV4dCIgbGFzdENscj0iMDAwMDAwIi8+PC9hOmRrMT48YTpsdDE+PGE6c3lzQ2xyIHZhbD0id2luZG93IiBsYXN0Q2xyPSJGRkZGRkYiLz48L2E6bHQxPjxhOmRrMj48YTpzcmdiQ2xyIHZhbD0iMUY0OTdEIi8+PC9hOmRrMj48YTpsdDI+PGE6c3JnYkNsciB2YWw9IkVFRUNFMSIvPjwvYTpsdDI+PGE6YWNjZW50MT48YTpzcmdiQ2xyIHZhbD0iNEY4MUJEIi8+PC9hOmFjY2VudDE+PGE6YWNjZW50Mj48YTpzcmdiQ2xyIHZhbD0iQzA1MDREIi8+PC9hOmFjY2VudDI+PGE6YWNjZW50Mz48YTpzcmdiQ2xyIHZhbD0iOUJCQjU5Ii8+PC9hOmFjY2VudDM+PGE6YWNjZW50ND48YTpzcmdiQ2xyIHZhbD0iODA2NEEyIi8+PC9hOmFjY2VudDQ+PGE6YWNjZW50NT48YTpzcmdiQ2xyIHZhbD0iNEJBQ0M2Ii8+PC9hOmFjY2VudDU+PGE6YWNjZW50Nj48YTpzcmdiQ2xyIHZhbD0iRjc5NjQ2Ii8+PC9hOmFjY2VudDY+PGE6aGxpbms+PGE6c3JnYkNsciB2YWw9IjAwMDBGRiIvPjwvYTpobGluaz48YTpmb2xIbGluaz48YTpzcmdiQ2xyIHZhbD0iODAwMDgwIi8+PC9hOmZvbEhsaW5rPjwvYTpjbHJTY2hlbWU+PGE6Zm9udFNjaGVtZSBuYW1lPSJPZmZpY2UiPjxhOm1ham9yRm9udD48YTpsYXRpbiB0eXBlZmFjZT0iQ2FtYnJpYSIvPjxhOmVhIHR5cGVmYWNlPSIiLz48YTpjcyB0eXBlZmFjZT0iIi8+PGE6Zm9udCBzY3JpcHQ9IkpwYW4iIHR5cGVmYWNlPSLvvK3vvLMg77yw44K044K344OD44KvIi8+PGE6Zm9udCBzY3JpcHQ9IkhhbmciIHR5cGVmYWNlPSLrp5HsnYAg6rOg65SVIi8+PGE6Zm9udCBzY3JpcHQ9IkhhbnMiIHR5cGVmYWNlPSLlrovkvZMiLz48YTpmb250IHNjcmlwdD0iSGFudCIgdHlwZWZhY2U9IuaWsOe0sOaYjumrlCIvPjxhOmZvbnQgc2NyaXB0PSJBcmFiIiB0eXBlZmFjZT0iVGltZXMgTmV3IFJvbWFuIi8+PGE6Zm9udCBzY3JpcHQ9IkhlYnIiIHR5cGVmYWNlPSJUaW1lcyBOZXcgUm9tYW4iLz48YTpmb250IHNjcmlwdD0iVGhhaSIgdHlwZWZhY2U9IlRhaG9tYSIvPjxhOmZvbnQgc2NyaXB0PSJFdGhpIiB0eXBlZmFjZT0iTnlhbGEiLz48YTpmb250IHNjcmlwdD0iQmVuZyIgdHlwZWZhY2U9IlZyaW5kYSIvPjxhOmZvbnQgc2NyaXB0PSJHdWpyIiB0eXBlZmFjZT0iU2hydXRpIi8+PGE6Zm9udCBzY3JpcHQ9IktobXIiIHR5cGVmYWNlPSJNb29sQm9yYW4iLz48YTpmb250IHNjcmlwdD0iS25kYSIgdHlwZWZhY2U9IlR1bmdhIi8+PGE6Zm9udCBzY3JpcHQ9Ikd1cnUiIHR5cGVmYWNlPSJSYWF2aSIvPjxhOmZvbnQgc2NyaXB0PSJDYW5zIiB0eXBlZmFjZT0iRXVwaGVtaWEiLz48YTpmb250IHNjcmlwdD0iQ2hlciIgdHlwZWZhY2U9IlBsYW50YWdlbmV0IENoZXJva2VlIi8+PGE6Zm9udCBzY3JpcHQ9IllpaWkiIHR5cGVmYWNlPSJNaWNyb3NvZnQgWWkgQmFpdGkiLz48YTpmb250IHNjcmlwdD0iVGlidCIgdHlwZWZhY2U9Ik1pY3Jvc29mdCBIaW1hbGF5YSIvPjxhOmZvbnQgc2NyaXB0PSJUaGFhIiB0eXBlZmFjZT0iTVYgQm9saSIvPjxhOmZvbnQgc2NyaXB0PSJEZXZhIiB0eXBlZmFjZT0iTWFuZ2FsIi8+PGE6Zm9udCBzY3JpcHQ9IlRlbHUiIHR5cGVmYWNlPSJHYXV0YW1pIi8+PGE6Zm9udCBzY3JpcHQ9IlRhbWwiIHR5cGVmYWNlPSJMYXRoYSIvPjxhOmZvbnQgc2NyaXB0PSJTeXJjIiB0eXBlZmFjZT0iRXN0cmFuZ2VsbyBFZGVzc2EiLz48YTpmb250IHNjcmlwdD0iT3J5YSIgdHlwZWZhY2U9IkthbGluZ2EiLz48YTpmb250IHNjcmlwdD0iTWx5bSIgdHlwZWZhY2U9IkthcnRpa2EiLz48YTpmb250IHNjcmlwdD0iTGFvbyIgdHlwZWZhY2U9IkRva0NoYW1wYSIvPjxhOmZvbnQgc2NyaXB0PSJTaW5oIiB0eXBlZmFjZT0iSXNrb29sYSBQb3RhIi8+PGE6Zm9udCBzY3JpcHQ9Ik1vbmciIHR5cGVmYWNlPSJNb25nb2xpYW4gQmFpdGkiLz48YTpmb250IHNjcmlwdD0iVmlldCIgdHlwZWZhY2U9IlRpbWVzIE5ldyBSb21hbiIvPjxhOmZvbnQgc2NyaXB0PSJVaWdoIiB0eXBlZmFjZT0iTWljcm9zb2Z0IFVpZ2h1ciIvPjxhOmZvbnQgc2NyaXB0PSJHZW9yIiB0eXBlZmFjZT0iU3lsZmFlbiIvPjwvYTptYWpvckZvbnQ+PGE6bWlub3JGb250PjxhOmxhdGluIHR5cGVmYWNlPSJDYWxpYnJpIi8+PGE6ZWEgdHlwZWZhY2U9IiIvPjxhOmNzIHR5cGVmYWNlPSIiLz48YTpmb250IHNjcmlwdD0iSnBhbiIgdHlwZWZhY2U9Iu+8re+8syDvvLDjgrTjgrfjg4Pjgq8iLz48YTpmb250IHNjcmlwdD0iSGFuZyIgdHlwZWZhY2U9IuunkeydgCDqs6DrlJUiLz48YTpmb250IHNjcmlwdD0iSGFucyIgdHlwZWZhY2U9IuWui+S9kyIvPjxhOmZvbnQgc2NyaXB0PSJIYW50IiB0eXBlZmFjZT0i5paw57Sw5piO6auUIi8+PGE6Zm9udCBzY3JpcHQ9IkFyYWIiIHR5cGVmYWNlPSJBcmlhbCIvPjxhOmZvbnQgc2NyaXB0PSJIZWJyIiB0eXBlZmFjZT0iQXJpYWwiLz48YTpmb250IHNjcmlwdD0iVGhhaSIgdHlwZWZhY2U9IlRhaG9tYSIvPjxhOmZvbnQgc2NyaXB0PSJFdGhpIiB0eXBlZmFjZT0iTnlhbGEiLz48YTpmb250IHNjcmlwdD0iQmVuZyIgdHlwZWZhY2U9IlZyaW5kYSIvPjxhOmZvbnQgc2NyaXB0PSJHdWpyIiB0eXBlZmFjZT0iU2hydXRpIi8+PGE6Zm9udCBzY3JpcHQ9IktobXIiIHR5cGVmYWNlPSJEYXVuUGVuaCIvPjxhOmZvbnQgc2NyaXB0PSJLbmRhIiB0eXBlZmFjZT0iVHVuZ2EiLz48YTpmb250IHNjcmlwdD0iR3VydSIgdHlwZWZhY2U9IlJhYXZpIi8+PGE6Zm9udCBzY3JpcHQ9IkNhbnMiIHR5cGVmYWNlPSJFdXBoZW1pYSIvPjxhOmZvbnQgc2NyaXB0PSJDaGVyIiB0eXBlZmFjZT0iUGxhbnRhZ2VuZXQgQ2hlcm9rZWUiLz48YTpmb250IHNjcmlwdD0iWWlpaSIgdHlwZWZhY2U9Ik1pY3Jvc29mdCBZaSBCYWl0aSIvPjxhOmZvbnQgc2NyaXB0PSJUaWJ0IiB0eXBlZmFjZT0iTWljcm9zb2Z0IEhpbWFsYXlhIi8+PGE6Zm9udCBzY3JpcHQ9IlRoYWEiIHR5cGVmYWNlPSJNViBCb2xpIi8+PGE6Zm9udCBzY3JpcHQ9IkRldmEiIHR5cGVmYWNlPSJNYW5nYWwiLz48YTpmb250IHNjcmlwdD0iVGVsdSIgdHlwZWZhY2U9IkdhdXRhbWkiLz48YTpmb250IHNjcmlwdD0iVGFtbCIgdHlwZWZhY2U9IkxhdGhhIi8+PGE6Zm9udCBzY3JpcHQ9IlN5cmMiIHR5cGVmYWNlPSJFc3RyYW5nZWxvIEVkZXNzYSIvPjxhOmZvbnQgc2NyaXB0PSJPcnlhIiB0eXBlZmFjZT0iS2FsaW5nYSIvPjxhOmZvbnQgc2NyaXB0PSJNbHltIiB0eXBlZmFjZT0iS2FydGlrYSIvPjxhOmZvbnQgc2NyaXB0PSJMYW9vIiB0eXBlZmFjZT0iRG9rQ2hhbXBhIi8+PGE6Zm9udCBzY3JpcHQ9IlNpbmgiIHR5cGVmYWNlPSJJc2tvb2xhIFBvdGEiLz48YTpmb250IHNjcmlwdD0iTW9uZyIgdHlwZWZhY2U9Ik1vbmdvbGlhbiBCYWl0aSIvPjxhOmZvbnQgc2NyaXB0PSJWaWV0IiB0eXBlZmFjZT0iQXJpYWwiLz48YTpmb250IHNjcmlwdD0iVWlnaCIgdHlwZWZhY2U9Ik1pY3Jvc29mdCBVaWdodXIiLz48YTpmb250IHNjcmlwdD0iR2VvciIgdHlwZWZhY2U9IlN5bGZhZW4iLz48L2E6bWlub3JGb250PjwvYTpmb250U2NoZW1lPjxhOmZtdFNjaGVtZSBuYW1lPSJPZmZpY2UiPjxhOmZpbGxTdHlsZUxzdD48YTpzb2xpZEZpbGw+PGE6c2NoZW1lQ2xyIHZhbD0icGhDbHIiLz48L2E6c29saWRGaWxsPjxhOmdyYWRGaWxsIHJvdFdpdGhTaGFwZT0iMSI+PGE6Z3NMc3Q+PGE6Z3MgcG9zPSIwIj48YTpzY2hlbWVDbHIgdmFsPSJwaENsciI+PGE6dGludCB2YWw9IjUwMDAwIi8+PGE6c2F0TW9kIHZhbD0iMzAwMDAwIi8+PC9hOnNjaGVtZUNscj48L2E6Z3M+PGE6Z3MgcG9zPSIzNTAwMCI+PGE6c2NoZW1lQ2xyIHZhbD0icGhDbHIiPjxhOnRpbnQgdmFsPSIzNzAwMCIvPjxhOnNhdE1vZCB2YWw9IjMwMDAwMCIvPjwvYTpzY2hlbWVDbHI+PC9hOmdzPjxhOmdzIHBvcz0iMTAwMDAwIj48YTpzY2hlbWVDbHIgdmFsPSJwaENsciI+PGE6dGludCB2YWw9IjE1MDAwIi8+PGE6c2F0TW9kIHZhbD0iMzUwMDAwIi8+PC9hOnNjaGVtZUNscj48L2E6Z3M+PC9hOmdzTHN0PjxhOmxpbiBhbmc9IjE2MjAwMDAwIiBzY2FsZWQ9IjEiLz48L2E6Z3JhZEZpbGw+PGE6Z3JhZEZpbGwgcm90V2l0aFNoYXBlPSIxIj48YTpnc0xzdD48YTpncyBwb3M9IjAiPjxhOnNjaGVtZUNsciB2YWw9InBoQ2xyIj48YTp0aW50IHZhbD0iMTAwMDAwIi8+PGE6c2hhZGUgdmFsPSIxMDAwMDAiLz48YTpzYXRNb2QgdmFsPSIxMzAwMDAiLz48L2E6c2NoZW1lQ2xyPjwvYTpncz48YTpncyBwb3M9IjEwMDAwMCI+PGE6c2NoZW1lQ2xyIHZhbD0icGhDbHIiPjxhOnRpbnQgdmFsPSI1MDAwMCIvPjxhOnNoYWRlIHZhbD0iMTAwMDAwIi8+PGE6c2F0TW9kIHZhbD0iMzUwMDAwIi8+PC9hOnNjaGVtZUNscj48L2E6Z3M+PC9hOmdzTHN0PjxhOmxpbiBhbmc9IjE2MjAwMDAwIiBzY2FsZWQ9IjAiLz48L2E6Z3JhZEZpbGw+PC9hOmZpbGxTdHlsZUxzdD48YTpsblN0eWxlTHN0PjxhOmxuIHc9Ijk1MjUiIGNhcD0iZmxhdCIgY21wZD0ic25nIiBhbGduPSJjdHIiPjxhOnNvbGlkRmlsbD48YTpzY2hlbWVDbHIgdmFsPSJwaENsciI+PGE6c2hhZGUgdmFsPSI5NTAwMCIvPjxhOnNhdE1vZCB2YWw9IjEwNTAwMCIvPjwvYTpzY2hlbWVDbHI+PC9hOnNvbGlkRmlsbD48YTpwcnN0RGFzaCB2YWw9InNvbGlkIi8+PC9hOmxuPjxhOmxuIHc9IjI1NDAwIiBjYXA9ImZsYXQiIGNtcGQ9InNuZyIgYWxnbj0iY3RyIj48YTpzb2xpZEZpbGw+PGE6c2NoZW1lQ2xyIHZhbD0icGhDbHIiLz48L2E6c29saWRGaWxsPjxhOnByc3REYXNoIHZhbD0ic29saWQiLz48L2E6bG4+PGE6bG4gdz0iMzgxMDAiIGNhcD0iZmxhdCIgY21wZD0ic25nIiBhbGduPSJjdHIiPjxhOnNvbGlkRmlsbD48YTpzY2hlbWVDbHIgdmFsPSJwaENsciIvPjwvYTpzb2xpZEZpbGw+PGE6cHJzdERhc2ggdmFsPSJzb2xpZCIvPjwvYTpsbj48L2E6bG5TdHlsZUxzdD48YTplZmZlY3RTdHlsZUxzdD48YTplZmZlY3RTdHlsZT48YTplZmZlY3RMc3Q+PGE6b3V0ZXJTaGR3IGJsdXJSYWQ9IjQwMDAwIiBkaXN0PSIyMDAwMCIgZGlyPSI1NDAwMDAwIiByb3RXaXRoU2hhcGU9IjAiPjxhOnNyZ2JDbHIgdmFsPSIwMDAwMDAiPjxhOmFscGhhIHZhbD0iMzgwMDAiLz48L2E6c3JnYkNscj48L2E6b3V0ZXJTaGR3PjwvYTplZmZlY3RMc3Q+PC9hOmVmZmVjdFN0eWxlPjxhOmVmZmVjdFN0eWxlPjxhOmVmZmVjdExzdD48YTpvdXRlclNoZHcgYmx1clJhZD0iNDAwMDAiIGRpc3Q9IjIzMDAwIiBkaXI9IjU0MDAwMDAiIHJvdFdpdGhTaGFwZT0iMCI+PGE6c3JnYkNsciB2YWw9IjAwMDAwMCI+PGE6YWxwaGEgdmFsPSIzNTAwMCIvPjwvYTpzcmdiQ2xyPjwvYTpvdXRlclNoZHc+PC9hOmVmZmVjdExzdD48L2E6ZWZmZWN0U3R5bGU+PGE6ZWZmZWN0U3R5bGU+PGE6ZWZmZWN0THN0PjxhOm91dGVyU2hkdyBibHVyUmFkPSI0MDAwMCIgZGlzdD0iMjMwMDAiIGRpcj0iNTQwMDAwMCIgcm90V2l0aFNoYXBlPSIwIj48YTpzcmdiQ2xyIHZhbD0iMDAwMDAwIj48YTphbHBoYSB2YWw9IjM1MDAwIi8+PC9hOnNyZ2JDbHI+PC9hOm91dGVyU2hkdz48L2E6ZWZmZWN0THN0PjxhOnNjZW5lM2Q+PGE6Y2FtZXJhIHByc3Q9Im9ydGhvZ3JhcGhpY0Zyb250Ij48YTpyb3QgbGF0PSIwIiBsb249IjAiIHJldj0iMCIvPjwvYTpjYW1lcmE+PGE6bGlnaHRSaWcgcmlnPSJ0aHJlZVB0IiBkaXI9InQiPjxhOnJvdCBsYXQ9IjAiIGxvbj0iMCIgcmV2PSIxMjAwMDAwIi8+PC9hOmxpZ2h0UmlnPjwvYTpzY2VuZTNkPjxhOnNwM2Q+PGE6YmV2ZWxUIHc9IjYzNTAwIiBoPSIyNTQwMCIvPjwvYTpzcDNkPjwvYTplZmZlY3RTdHlsZT48L2E6ZWZmZWN0U3R5bGVMc3Q+PGE6YmdGaWxsU3R5bGVMc3Q+PGE6c29saWRGaWxsPjxhOnNjaGVtZUNsciB2YWw9InBoQ2xyIi8+PC9hOnNvbGlkRmlsbD48YTpncmFkRmlsbCByb3RXaXRoU2hhcGU9IjEiPjxhOmdzTHN0PjxhOmdzIHBvcz0iMCI+PGE6c2NoZW1lQ2xyIHZhbD0icGhDbHIiPjxhOnRpbnQgdmFsPSI0MDAwMCIvPjxhOnNhdE1vZCB2YWw9IjM1MDAwMCIvPjwvYTpzY2hlbWVDbHI+PC9hOmdzPjxhOmdzIHBvcz0iNDAwMDAiPjxhOnNjaGVtZUNsciB2YWw9InBoQ2xyIj48YTp0aW50IHZhbD0iNDUwMDAiLz48YTpzaGFkZSB2YWw9Ijk5MDAwIi8+PGE6c2F0TW9kIHZhbD0iMzUwMDAwIi8+PC9hOnNjaGVtZUNscj48L2E6Z3M+PGE6Z3MgcG9zPSIxMDAwMDAiPjxhOnNjaGVtZUNsciB2YWw9InBoQ2xyIj48YTpzaGFkZSB2YWw9IjIwMDAwIi8+PGE6c2F0TW9kIHZhbD0iMjU1MDAwIi8+PC9hOnNjaGVtZUNscj48L2E6Z3M+PC9hOmdzTHN0PjxhOnBhdGggcGF0aD0iY2lyY2xlIj48YTpmaWxsVG9SZWN0IGw9IjUwMDAwIiB0PSItODAwMDAiIHI9IjUwMDAwIiBiPSIxODAwMDAiLz48L2E6cGF0aD48L2E6Z3JhZEZpbGw+PGE6Z3JhZEZpbGwgcm90V2l0aFNoYXBlPSIxIj48YTpnc0xzdD48YTpncyBwb3M9IjAiPjxhOnNjaGVtZUNsciB2YWw9InBoQ2xyIj48YTp0aW50IHZhbD0iODAwMDAiLz48YTpzYXRNb2QgdmFsPSIzMDAwMDAiLz48L2E6c2NoZW1lQ2xyPjwvYTpncz48YTpncyBwb3M9IjEwMDAwMCI+PGE6c2NoZW1lQ2xyIHZhbD0icGhDbHIiPjxhOnNoYWRlIHZhbD0iMzAwMDAiLz48YTpzYXRNb2QgdmFsPSIyMDAwMDAiLz48L2E6c2NoZW1lQ2xyPjwvYTpncz48L2E6Z3NMc3Q+PGE6cGF0aCBwYXRoPSJjaXJjbGUiPjxhOmZpbGxUb1JlY3QgbD0iNTAwMDAiIHQ9IjUwMDAwIiByPSI1MDAwMCIgYj0iNTAwMDAiLz48L2E6cGF0aD48L2E6Z3JhZEZpbGw+PC9hOmJnRmlsbFN0eWxlTHN0PjwvYTpmbXRTY2hlbWU+PC9hOnRoZW1lRWxlbWVudHM+PGE6b2JqZWN0RGVmYXVsdHM+PGE6c3BEZWY+PGE6c3BQci8+PGE6Ym9keVByLz48YTpsc3RTdHlsZS8+PGE6c3R5bGU+PGE6bG5SZWYgaWR4PSIxIj48YTpzY2hlbWVDbHIgdmFsPSJhY2NlbnQxIi8+PC9hOmxuUmVmPjxhOmZpbGxSZWYgaWR4PSIzIj48YTpzY2hlbWVDbHIgdmFsPSJhY2NlbnQxIi8+PC9hOmZpbGxSZWY+PGE6ZWZmZWN0UmVmIGlkeD0iMiI+PGE6c2NoZW1lQ2xyIHZhbD0iYWNjZW50MSIvPjwvYTplZmZlY3RSZWY+PGE6Zm9udFJlZiBpZHg9Im1pbm9yIj48YTpzY2hlbWVDbHIgdmFsPSJsdDEiLz48L2E6Zm9udFJlZj48L2E6c3R5bGU+PC9hOnNwRGVmPjxhOmxuRGVmPjxhOnNwUHIvPjxhOmJvZHlQci8+PGE6bHN0U3R5bGUvPjxhOnN0eWxlPjxhOmxuUmVmIGlkeD0iMiI+PGE6c2NoZW1lQ2xyIHZhbD0iYWNjZW50MSIvPjwvYTpsblJlZj48YTpmaWxsUmVmIGlkeD0iMCI+PGE6c2NoZW1lQ2xyIHZhbD0iYWNjZW50MSIvPjwvYTpmaWxsUmVmPjxhOmVmZmVjdFJlZiBpZHg9IjEiPjxhOnNjaGVtZUNsciB2YWw9ImFjY2VudDEiLz48L2E6ZWZmZWN0UmVmPjxhOmZvbnRSZWYgaWR4PSJtaW5vciI+PGE6c2NoZW1lQ2xyIHZhbD0idHgxIi8+PC9hOmZvbnRSZWY+PC9hOnN0eWxlPjwvYTpsbkRlZj48L2E6b2JqZWN0RGVmYXVsdHM+PGE6ZXh0cmFDbHJTY2hlbWVMc3QvPjwvYTp0aGVtZT5QSwMEFAAAAAAAAAAAAFX0BJRaBAAAWgQAAA0AAAB4bC9zdHlsZXMueG1sPD94bWwgdmVyc2lvbj0iMS4wIiBlbmNvZGluZz0iVVRGLTgiIHN0YW5kYWxvbmU9InllcyI/Pg0KPHN0eWxlU2hlZXQgeG1sbnM9Imh0dHA6Ly9zY2hlbWFzLm9wZW54bWxmb3JtYXRzLm9yZy9zcHJlYWRzaGVldG1sLzIwMDYvbWFpbiIgeG1sbnM6dnQ9Imh0dHA6Ly9zY2hlbWFzLm9wZW54bWxmb3JtYXRzLm9yZy9vZmZpY2VEb2N1bWVudC8yMDA2L2RvY1Byb3BzVlR5cGVzIj48bnVtRm10cyBjb3VudD0iMSI+PG51bUZtdCBudW1GbXRJZD0iNTYiIGZvcm1hdENvZGU9IiZxdW90O+S4iuWNiC/kuIvljYggJnF1b3Q7aGgmcXVvdDvmmYImcXVvdDttbSZxdW90O+WIhiZxdW90O3NzJnF1b3Q756eSICZxdW90OyIvPjwvbnVtRm10cz48Zm9udHMgY291bnQ9IjEiPjxmb250PjxzeiB2YWw9IjEyIi8+PGNvbG9yIHRoZW1lPSIxIi8+PG5hbWUgdmFsPSJDYWxpYnJpIi8+PGZhbWlseSB2YWw9IjIiLz48c2NoZW1lIHZhbD0ibWlub3IiLz48L2ZvbnQ+PC9mb250cz48ZmlsbHMgY291bnQ9IjIiPjxmaWxsPjxwYXR0ZXJuRmlsbCBwYXR0ZXJuVHlwZT0ibm9uZSIvPjwvZmlsbD48ZmlsbD48cGF0dGVybkZpbGwgcGF0dGVyblR5cGU9ImdyYXkxMjUiLz48L2ZpbGw+PC9maWxscz48Ym9yZGVycyBjb3VudD0iMSI+PGJvcmRlcj48bGVmdC8+PHJpZ2h0Lz48dG9wLz48Ym90dG9tLz48ZGlhZ29uYWwvPjwvYm9yZGVyPjwvYm9yZGVycz48Y2VsbFN0eWxlWGZzIGNvdW50PSIxIj48eGYgbnVtRm10SWQ9IjAiIGZvbnRJZD0iMCIgZmlsbElkPSIwIiBib3JkZXJJZD0iMCIvPjwvY2VsbFN0eWxlWGZzPjxjZWxsWGZzIGNvdW50PSIxIj48eGYgbnVtRm10SWQ9IjAiIGZvbnRJZD0iMCIgZmlsbElkPSIwIiBib3JkZXJJZD0iMCIgeGZJZD0iMCIgYXBwbHlOdW1iZXJGb3JtYXQ9IjEiLz48L2NlbGxYZnM+PGNlbGxTdHlsZXMgY291bnQ9IjEiPjxjZWxsU3R5bGUgbmFtZT0iTm9ybWFsIiB4ZklkPSIwIiBidWlsdGluSWQ9IjAiLz48L2NlbGxTdHlsZXM+PGR4ZnMgY291bnQ9IjAiLz48dGFibGVTdHlsZXMgY291bnQ9IjAiIGRlZmF1bHRUYWJsZVN0eWxlPSJUYWJsZVN0eWxlTWVkaXVtOSIgZGVmYXVsdFBpdm90U3R5bGU9IlBpdm90U3R5bGVNZWRpdW00Ii8+PC9zdHlsZVNoZWV0PlBLAwQUAAAAAAAAAAAAZ+YzblgDAABYAwAAGAAAAHhsL3dvcmtzaGVldHMvc2hlZXQxLnhtbDw/eG1sIHZlcnNpb249IjEuMCIgZW5jb2Rpbmc9IlVURi04IiBzdGFuZGFsb25lPSJ5ZXMiPz4NCjx3b3Jrc2hlZXQgeG1sbnM9Imh0dHA6Ly9zY2hlbWFzLm9wZW54bWxmb3JtYXRzLm9yZy9zcHJlYWRzaGVldG1sLzIwMDYvbWFpbiIgeG1sbnM6cj0iaHR0cDovL3NjaGVtYXMub3BlbnhtbGZvcm1hdHMub3JnL29mZmljZURvY3VtZW50LzIwMDYvcmVsYXRpb25zaGlwcyI+PGRpbWVuc2lvbiByZWY9IkExOkYyIi8+PHNoZWV0Vmlld3M+PHNoZWV0VmlldyB3b3JrYm9va1ZpZXdJZD0iMCIvPjwvc2hlZXRWaWV3cz48c2hlZXREYXRhPjxyb3cgcj0iMSI+PGMgcj0iQTEiIHQ9InN0ciI+PHY+Y29kZTwvdj48L2M+PGMgcj0iQjEiIHQ9InN0ciI+PHY+bmFtZTwvdj48L2M+PGMgcj0iQzEiIHQ9InN0ciI+PHY+Y2F0ZWdvcnk8L3Y+PC9jPjxjIHI9IkQxIiB0PSJzdHIiPjx2PnF1YW50aXR5PC92PjwvYz48YyByPSJFMSIgdD0ic3RyIj48dj51bml0PC92PjwvYz48YyByPSJGMSIgdD0ic3RyIj48dj5zdGF0dXM8L3Y+PC9jPjwvcm93Pjxyb3cgcj0iMiI+PGMgcj0iQTIiIHQ9InN0ciI+PHY+Y2YtNTU8L3Y+PC9jPjxjIHI9IkIyIiB0PSJzdHIiPjx2Pm5hcm9ybjwvdj48L2M+PGMgcj0iQzIiIHQ9InN0ciI+PHY+Q2hlbWljYWw8L3Y+PC9jPjxjIHI9IkQyIj48dj4xMjM0PC92PjwvYz48YyByPSJFMiIgdD0ic3RyIj48dj5twrM8L3Y+PC9jPjxjIHI9IkYyIiB0PSJzdHIiPjx2Pk9VVF9PRl9TVE9DSzwvdj48L2M+PC9yb3c+PC9zaGVldERhdGE+PGlnbm9yZWRFcnJvcnM+PGlnbm9yZWRFcnJvciBudW1iZXJTdG9yZWRBc1RleHQ9IjEiIHNxcmVmPSJBMTpGMiIvPjwvaWdub3JlZEVycm9ycz48L3dvcmtzaGVldD5QSwMEFAAAAAAAAAAAAGCAAIGIAwAAiAMAAA8AAAB4bC9tZXRhZGF0YS54bWw8P3htbCB2ZXJzaW9uPSIxLjAiIGVuY29kaW5nPSJVVEYtOCIgc3RhbmRhbG9uZT0ieWVzIj8+DQo8bWV0YWRhdGEgeG1sbnM9Imh0dHA6Ly9zY2hlbWFzLm9wZW54bWxmb3JtYXRzLm9yZy9zcHJlYWRzaGVldG1sLzIwMDYvbWFpbiIgeG1sbnM6eGxyZD0iaHR0cDovL3NjaGVtYXMubWljcm9zb2Z0LmNvbS9vZmZpY2Uvc3ByZWFkc2hlZXRtbC8yMDE3L3JpY2hkYXRhIiB4bWxuczp4ZGE9Imh0dHA6Ly9zY2hlbWFzLm1pY3Jvc29mdC5jb20vb2ZmaWNlL3NwcmVhZHNoZWV0bWwvMjAxNy9keW5hbWljYXJyYXkiPgogIDxtZXRhZGF0YVR5cGVzIGNvdW50PSIxIj4KICAgIDxtZXRhZGF0YVR5cGUgbmFtZT0iWExEQVBSIiBtaW5TdXBwb3J0ZWRWZXJzaW9uPSIxMjAwMDAiIGNvcHk9IjEiIHBhc3RlQWxsPSIxIiBwYXN0ZVZhbHVlcz0iMSIgbWVyZ2U9IjEiIHNwbGl0Rmlyc3Q9IjEiIHJvd0NvbFNoaWZ0PSIxIiBjbGVhckZvcm1hdHM9IjEiIGNsZWFyQ29tbWVudHM9IjEiIGFzc2lnbj0iMSIgY29lcmNlPSIxIiBjZWxsTWV0YT0iMSIvPgogIDwvbWV0YWRhdGFUeXBlcz4KICA8ZnV0dXJlTWV0YWRhdGEgbmFtZT0iWExEQVBSIiBjb3VudD0iMSI+CiAgICA8Yms+CiAgICAgIDxleHRMc3Q+CiAgICAgICAgPGV4dCB1cmk9IntiZGJiOGNkYy1mYTFlLTQ5NmUtYTg1Ny0zYzNmMzBjMDI5YzN9Ij4KICAgICAgICAgIDx4ZGE6ZHluYW1pY0FycmF5UHJvcGVydGllcyBmRHluYW1pYz0iMSIgZkNvbGxhcHNlZD0iMCIvPgogICAgICAgIDwvZXh0PgogICAgICA8L2V4dExzdD4KICAgIDwvYms+CiAgPC9mdXR1cmVNZXRhZGF0YT4KICA8Y2VsbE1ldGFkYXRhIGNvdW50PSIxIj4KICAgIDxiaz4KICAgICAgPHJjIHQ9IjEiIHY9IjAiLz4KICAgIDwvYms+CiAgPC9jZWxsTWV0YWRhdGE+CjwvbWV0YWRhdGE+UEsDBBQAAAAAAAAAAACygRH5QgEAAEIBAAAPAAAAeGwvd29ya2Jvb2sueG1sPD94bWwgdmVyc2lvbj0iMS4wIiBlbmNvZGluZz0iVVRGLTgiIHN0YW5kYWxvbmU9InllcyI/Pg0KPHdvcmtib29rIHhtbG5zPSJodHRwOi8vc2NoZW1hcy5vcGVueG1sZm9ybWF0cy5vcmcvc3ByZWFkc2hlZXRtbC8yMDA2L21haW4iIHhtbG5zOnI9Imh0dHA6Ly9zY2hlbWFzLm9wZW54bWxmb3JtYXRzLm9yZy9vZmZpY2VEb2N1bWVudC8yMDA2L3JlbGF0aW9uc2hpcHMiPjx3b3JrYm9va1ByIGNvZGVOYW1lPSJUaGlzV29ya2Jvb2siLz48c2hlZXRzPjxzaGVldCBuYW1lPSJSZXBvcnQiIHNoZWV0SWQ9IjEiIHI6aWQ9InJJZDEiLz48L3NoZWV0cz48L3dvcmtib29rPlBLAwQUAAAAAAAAAAAASmoR+UwCAABMAgAACwAAAF9yZWxzLy5yZWxzPD94bWwgdmVyc2lvbj0iMS4wIiBlbmNvZGluZz0iVVRGLTgiIHN0YW5kYWxvbmU9InllcyI/Pg0KPFJlbGF0aW9uc2hpcHMgeG1sbnM9Imh0dHA6Ly9zY2hlbWFzLm9wZW54bWxmb3JtYXRzLm9yZy9wYWNrYWdlLzIwMDYvcmVsYXRpb25zaGlwcyI+PFJlbGF0aW9uc2hpcCBJZD0icklkMiIgVHlwZT0iaHR0cDovL3NjaGVtYXMub3BlbnhtbGZvcm1hdHMub3JnL3BhY2thZ2UvMjAwNi9yZWxhdGlvbnNoaXBzL21ldGFkYXRhL2NvcmUtcHJvcGVydGllcyIgVGFyZ2V0PSJkb2NQcm9wcy9jb3JlLnhtbCIvPjxSZWxhdGlvbnNoaXAgSWQ9InJJZDMiIFR5cGU9Imh0dHA6Ly9zY2hlbWFzLm9wZW54bWxmb3JtYXRzLm9yZy9vZmZpY2VEb2N1bWVudC8yMDA2L3JlbGF0aW9uc2hpcHMvZXh0ZW5kZWQtcHJvcGVydGllcyIgVGFyZ2V0PSJkb2NQcm9wcy9hcHAueG1sIi8+PFJlbGF0aW9uc2hpcCBJZD0icklkMSIgVHlwZT0iaHR0cDovL3NjaGVtYXMub3BlbnhtbGZvcm1hdHMub3JnL29mZmljZURvY3VtZW50LzIwMDYvcmVsYXRpb25zaGlwcy9vZmZpY2VEb2N1bWVudCIgVGFyZ2V0PSJ4bC93b3JrYm9vay54bWwiLz48L1JlbGF0aW9uc2hpcHM+UEsDBBQAAAAAAAAAAAC0d+s8MgIAADICAAAQAAAAZG9jUHJvcHMvYXBwLnhtbDw/eG1sIHZlcnNpb249IjEuMCIgZW5jb2Rpbmc9IlVURi04IiBzdGFuZGFsb25lPSJ5ZXMiPz4NCjxQcm9wZXJ0aWVzIHhtbG5zPSJodHRwOi8vc2NoZW1hcy5vcGVueG1sZm9ybWF0cy5vcmcvb2ZmaWNlRG9jdW1lbnQvMjAwNi9leHRlbmRlZC1wcm9wZXJ0aWVzIiB4bWxuczp2dD0iaHR0cDovL3NjaGVtYXMub3BlbnhtbGZvcm1hdHMub3JnL29mZmljZURvY3VtZW50LzIwMDYvZG9jUHJvcHNWVHlwZXMiPjxBcHBsaWNhdGlvbj5TaGVldEpTPC9BcHBsaWNhdGlvbj48SGVhZGluZ1BhaXJzPjx2dDp2ZWN0b3Igc2l6ZT0iMiIgYmFzZVR5cGU9InZhcmlhbnQiPjx2dDp2YXJpYW50Pjx2dDpscHN0cj5Xb3Jrc2hlZXRzPC92dDpscHN0cj48L3Z0OnZhcmlhbnQ+PHZ0OnZhcmlhbnQ+PHZ0Omk0PjE8L3Z0Omk0PjwvdnQ6dmFyaWFudD48L3Z0OnZlY3Rvcj48L0hlYWRpbmdQYWlycz48VGl0bGVzT2ZQYXJ0cz48dnQ6dmVjdG9yIHNpemU9IjEiIGJhc2VUeXBlPSJscHN0ciI+PHZ0Omxwc3RyPlJlcG9ydDwvdnQ6bHBzdHI+PC92dDp2ZWN0b3I+PC9UaXRsZXNPZlBhcnRzPjwvUHJvcGVydGllcz5QSwMEFAAAAAAAAAAAANaSfBFaAQAAWgEAABEAAABkb2NQcm9wcy9jb3JlLnhtbDw/eG1sIHZlcnNpb249IjEuMCIgZW5jb2Rpbmc9IlVURi04IiBzdGFuZGFsb25lPSJ5ZXMiPz4NCjxjcDpjb3JlUHJvcGVydGllcyB4bWxuczpjcD0iaHR0cDovL3NjaGVtYXMub3BlbnhtbGZvcm1hdHMub3JnL3BhY2thZ2UvMjAwNi9tZXRhZGF0YS9jb3JlLXByb3BlcnRpZXMiIHhtbG5zOmRjPSJodHRwOi8vcHVybC5vcmcvZGMvZWxlbWVudHMvMS4xLyIgeG1sbnM6ZGN0ZXJtcz0iaHR0cDovL3B1cmwub3JnL2RjL3Rlcm1zLyIgeG1sbnM6ZGNtaXR5cGU9Imh0dHA6Ly9wdXJsLm9yZy9kYy9kY21pdHlwZS8iIHhtbG5zOnhzaT0iaHR0cDovL3d3dy53My5vcmcvMjAwMS9YTUxTY2hlbWEtaW5zdGFuY2UiLz5QSwMEFAAAAAAAAAAAAKjXaoAVCAAAFQgAABMAAABbQ29udGVudF9UeXBlc10ueG1sPD94bWwgdmVyc2lvbj0iMS4wIiBlbmNvZGluZz0iVVRGLTgiIHN0YW5kYWxvbmU9InllcyI/Pg0KPFR5cGVzIHhtbG5zPSJodHRwOi8vc2NoZW1hcy5vcGVueG1sZm9ybWF0cy5vcmcvcGFja2FnZS8yMDA2L2NvbnRlbnQtdHlwZXMiIHhtbG5zOnhzZD0iaHR0cDovL3d3dy53My5vcmcvMjAwMS9YTUxTY2hlbWEiIHhtbG5zOnhzaT0iaHR0cDovL3d3dy53My5vcmcvMjAwMS9YTUxTY2hlbWEtaW5zdGFuY2UiPjxEZWZhdWx0IEV4dGVuc2lvbj0ieG1sIiBDb250ZW50VHlwZT0iYXBwbGljYXRpb24veG1sIi8+PERlZmF1bHQgRXh0ZW5zaW9uPSJiaW4iIENvbnRlbnRUeXBlPSJhcHBsaWNhdGlvbi92bmQubXMtZXhjZWwuc2hlZXQuYmluYXJ5Lm1hY3JvRW5hYmxlZC5tYWluIi8+PERlZmF1bHQgRXh0ZW5zaW9uPSJ2bWwiIENvbnRlbnRUeXBlPSJhcHBsaWNhdGlvbi92bmQub3BlbnhtbGZvcm1hdHMtb2ZmaWNlZG9jdW1lbnQudm1sRHJhd2luZyIvPjxEZWZhdWx0IEV4dGVuc2lvbj0iZGF0YSIgQ29udGVudFR5cGU9ImFwcGxpY2F0aW9uL3ZuZC5vcGVueG1sZm9ybWF0cy1vZmZpY2Vkb2N1bWVudC5tb2RlbCtkYXRhIi8+PERlZmF1bHQgRXh0ZW5zaW9uPSJibXAiIENvbnRlbnRUeXBlPSJpbWFnZS9ibXAiLz48RGVmYXVsdCBFeHRlbnNpb249InBuZyIgQ29udGVudFR5cGU9ImltYWdlL3BuZyIvPjxEZWZhdWx0IEV4dGVuc2lvbj0iZ2lmIiBDb250ZW50VHlwZT0iaW1hZ2UvZ2lmIi8+PERlZmF1bHQgRXh0ZW5zaW9uPSJlbWYiIENvbnRlbnRUeXBlPSJpbWFnZS94LWVtZiIvPjxEZWZhdWx0IEV4dGVuc2lvbj0id21mIiBDb250ZW50VHlwZT0iaW1hZ2UveC13bWYiLz48RGVmYXVsdCBFeHRlbnNpb249ImpwZyIgQ29udGVudFR5cGU9ImltYWdlL2pwZWciLz48RGVmYXVsdCBFeHRlbnNpb249ImpwZWciIENvbnRlbnRUeXBlPSJpbWFnZS9qcGVnIi8+PERlZmF1bHQgRXh0ZW5zaW9uPSJ0aWYiIENvbnRlbnRUeXBlPSJpbWFnZS90aWZmIi8+PERlZmF1bHQgRXh0ZW5zaW9uPSJ0aWZmIiBDb250ZW50VHlwZT0iaW1hZ2UvdGlmZiIvPjxEZWZhdWx0IEV4dGVuc2lvbj0icGRmIiBDb250ZW50VHlwZT0iYXBwbGljYXRpb24vcGRmIi8+PERlZmF1bHQgRXh0ZW5zaW9uPSJyZWxzIiBDb250ZW50VHlwZT0iYXBwbGljYXRpb24vdm5kLm9wZW54bWxmb3JtYXRzLXBhY2thZ2UucmVsYXRpb25zaGlwcyt4bWwiLz48T3ZlcnJpZGUgUGFydE5hbWU9Ii94bC93b3JrYm9vay54bWwiIENvbnRlbnRUeXBlPSJhcHBsaWNhdGlvbi92bmQub3BlbnhtbGZvcm1hdHMtb2ZmaWNlZG9jdW1lbnQuc3ByZWFkc2hlZXRtbC5zaGVldC5tYWluK3htbCIvPjxPdmVycmlkZSBQYXJ0TmFtZT0iL3hsL3dvcmtzaGVldHMvc2hlZXQxLnhtbCIgQ29udGVudFR5cGU9ImFwcGxpY2F0aW9uL3ZuZC5vcGVueG1sZm9ybWF0cy1vZmZpY2Vkb2N1bWVudC5zcHJlYWRzaGVldG1sLndvcmtzaGVldCt4bWwiLz48T3ZlcnJpZGUgUGFydE5hbWU9Ii94bC90aGVtZS90aGVtZTEueG1sIiBDb250ZW50VHlwZT0iYXBwbGljYXRpb24vdm5kLm9wZW54bWxmb3JtYXRzLW9mZmljZWRvY3VtZW50LnRoZW1lK3htbCIvPjxPdmVycmlkZSBQYXJ0TmFtZT0iL3hsL3N0eWxlcy54bWwiIENvbnRlbnRUeXBlPSJhcHBsaWNhdGlvbi92bmQub3BlbnhtbGZvcm1hdHMtb2ZmaWNlZG9jdW1lbnQuc3ByZWFkc2hlZXRtbC5zdHlsZXMreG1sIi8+PE92ZXJyaWRlIFBhcnROYW1lPSIvZG9jUHJvcHMvY29yZS54bWwiIENvbnRlbnRUeXBlPSJhcHBsaWNhdGlvbi92bmQub3BlbnhtbGZvcm1hdHMtcGFja2FnZS5jb3JlLXByb3BlcnRpZXMreG1sIi8+PE92ZXJyaWRlIFBhcnROYW1lPSIvZG9jUHJvcHMvYXBwLnhtbCIgQ29udGVudFR5cGU9ImFwcGxpY2F0aW9uL3ZuZC5vcGVueG1sZm9ybWF0cy1vZmZpY2Vkb2N1bWVudC5leHRlbmRlZC1wcm9wZXJ0aWVzK3htbCIvPjxPdmVycmlkZSBQYXJ0TmFtZT0iL3hsL21ldGFkYXRhLnhtbCIgQ29udGVudFR5cGU9ImFwcGxpY2F0aW9uL3ZuZC5vcGVueG1sZm9ybWF0cy1vZmZpY2Vkb2N1bWVudC5zcHJlYWRzaGVldG1sLnNoZWV0TWV0YWRhdGEreG1sIi8+PC9UeXBlcz5QSwECAAAUAAAAAAAAAAAApAGEuLUCAAC1AgAAGgAAAAAAAAAAAAAAAAAAAAAAeGwvX3JlbHMvd29ya2Jvb2sueG1sLnJlbHNQSwECAAAUAAAAAAAAAAAAMA+Ia94dAADeHQAAEwAAAAAAAAAAAAAAAADtAgAAeGwvdGhlbWUvdGhlbWUxLnhtbFBLAQIAABQAAAAAAAAAAABV9ASUWgQAAFoEAAANAAAAAAAAAAAAAAAAAPwgAAB4bC9zdHlsZXMueG1sUEsBAgAAFAAAAAAAAAAAAGfmM25YAwAAWAMAABgAAAAAAAAAAAAAAAAAgSUAAHhsL3dvcmtzaGVldHMvc2hlZXQxLnhtbFBLAQIAABQAAAAAAAAAAABggACBiAMAAIgDAAAPAAAAAAAAAAAAAAAAAA8pAAB4bC9tZXRhZGF0YS54bWxQSwECAAAUAAAAAAAAAAAAsoER+UIBAABCAQAADwAAAAAAAAAAAAAAAADELAAAeGwvd29ya2Jvb2sueG1sUEsBAgAAFAAAAAAAAAAAAEpqEflMAgAATAIAAAsAAAAAAAAAAAAAAAAAMy4AAF9yZWxzLy5yZWxzUEsBAgAAFAAAAAAAAAAAALR36zwyAgAAMgIAABAAAAAAAAAAAAAAAAAAqDAAAGRvY1Byb3BzL2FwcC54bWxQSwECAAAUAAAAAAAAAAAA1pJ8EVoBAABaAQAAEQAAAAAAAAAAAAAAAAAIMwAAZG9jUHJvcHMvY29yZS54bWxQSwECAAAUAAAAAAAAAAAAqNdqgBUIAAAVCAAAEwAAAAAAAAAAAAAAAACRNAAAW0NvbnRlbnRfVHlwZXNdLnhtbFBLBQYAAAAACgAKAHsCAADXPAAAAAA=	cmprh55jg0000dmaaros54xpj	{"endDate": "2026-06-02T16:00:52.436Z", "rowCount": 1, "startDate": "2026-05-03T16:00:52.436Z", "reportType": "inventory"}	2026-06-02 16:00:52.441
\.


--
-- Data for Name: factory_knowledge; Type: TABLE DATA; Schema: public; Owner: -
--

COPY public.factory_knowledge (id, filename, "fileType", "fileSize", content, metadata, enabled, "uploadedBy", "createdAt", "updatedAt") FROM stdin;
cmqkzenrx000lu1xajx00c6x9	Untitled document.pdf	pdf	19802	[PDF file: Untitled document.pdf]\nSize: 19 KB\nPDF text extraction available in future updates.	{"uploadedAt": "2026-06-19T13:45:44.924Z", "parseStatus": "pending", "originalSize": 19802}	t	cmprh55jg0000dmaaros54xpj	2026-06-19 13:45:44.926	2026-06-19 13:45:44.926
\.


--
-- Data for Name: knowledge_chunks; Type: TABLE DATA; Schema: public; Owner: -
--

COPY public.knowledge_chunks (id, "knowledgeId", "chunkIndex", content, "tokenCount", "createdAt") FROM stdin;
cmqkzens5000nu1xaruq9aggu	cmqkzenrx000lu1xajx00c6x9	0	[PDF file: Untitled document.pdf]\nSize: 19 KB\nPDF text extraction available in future updates.	\N	2026-06-19 13:45:44.933
\.


--
-- Data for Name: knowledge_embeddings; Type: TABLE DATA; Schema: public; Owner: -
--

COPY public.knowledge_embeddings (id, "chunkId", model, vector, "createdAt") FROM stdin;
\.


--
-- Data for Name: materials; Type: TABLE DATA; Schema: public; Owner: -
--

COPY public.materials (id, code, name, category, quantity, unit, status, "createdAt", "updatedAt") FROM stdin;
cmrtfidng000mx7exx7kit5ir	CF123	CARBON	Composite	1233	m³	IN_STOCK	2026-07-20 16:18:24.028	2026-07-20 16:18:24.028
cmprign5f0000119gkg0aobu4	cf-55	narorn	Chemical	1234	m³	OUT_OF_STOCK	2026-05-29 22:46:04.852	2026-06-02 08:53:06.819
\.


--
-- Data for Name: products; Type: TABLE DATA; Schema: public; Owner: -
--

COPY public.products (id, code, name, "primaryMaterial", notes, "lengthMm", "widthMm", "thicknessMm", "weightKg", "volumeM3", status, "createdAt", "updatedAt") FROM stdin;
\.


--
-- Data for Name: orders; Type: TABLE DATA; Schema: public; Owner: -
--

COPY public.orders (id, "orderNumber", customer, "productId", "productName", "productCode", qty, status, "dueDate", "valueEur", "createdAt", "updatedAt", "customerId") FROM stdin;
cmpwladhg0004du9tn77fxiqj	ORD-1780401842114	Narron Petrovci	\N			0	PENDING	2026-12-05 00:00:00	12000	2026-06-02 12:04:02.117	2026-06-02 12:04:02.117	cmpwl9rji0000du9tpezry2ch
cmprh55lf0032dmaav2j2c9x5	ORD-4812	Rolls-Royce PLC	\N	Gas Turbine Blade TB-80	GTB-80	20	COMPLETED	2026-07-30 00:00:00	380000	2026-05-29 22:09:09.267	2026-06-02 12:23:31.83	\N
cmprh55lf002xdmaajc9ct4j5	ORD-4814	John Deere	\N	Agricultural Mower Blade AM-600	AMB-600	1500	COMPLETED	2026-06-05 00:00:00	31500	2026-05-29 22:09:09.267	2026-06-02 12:23:31.83	\N
cmrtficyi000hx7exsgk0vt0a	ORD-1784564176735	Narron Petrovci	\N			0	PENDING	2026-12-02 00:00:00	123124124	2026-07-20 16:18:23.131	2026-07-20 16:18:23.131	cmpwl9rji0000du9tpezry2ch
cmprh55lf002wdmaaqnu5iwm6	ORD-4819	Claas Group	\N	Agricultural Mower Blade AM-600	AMB-600	2000	COMPLETED	2026-05-28 00:00:00	42000	2026-05-29 22:09:09.267	2026-06-02 12:23:31.83	\N
cmprh55lf002vdmaa7qe072po	ORD-4810	Nordex Group	\N	Wind Turbine Blade B-52	WTB-52	9	COMPLETED	2026-04-30 00:00:00	1335000	2026-05-29 22:09:09.267	2026-06-02 12:23:31.83	\N
cmprh55lf002ydmaaozlzagv6	ORD-4813	Hexcel Corp	\N	Bandsaw Blade BS-4000	BSB-4000	200	COMPLETED	2026-05-22 00:00:00	9600	2026-05-29 22:09:09.267	2026-06-02 12:23:31.83	\N
cmprh55lf002udmaaf2rg7294	ORD-4815	Andritz AG	\N	Shredder Blade SB-200	SHB-200	80	COMPLETED	2026-05-10 00:00:00	12800	2026-05-29 22:09:09.267	2026-06-02 12:23:31.83	\N
cmprh55lf002idmaaud8fyq01	ORD-4820	Siemens Gamesa	\N	Wind Turbine Blade B-38	WTB-38	12	CANCELLED	2026-07-01 00:00:00	720000	2026-05-29 22:09:09.267	2026-06-02 12:27:05.706	\N
cmprh55lf0030dmaanad6yc5q	ORD-4817	Airbus Helicopters	\N	Helicopter Rotor Blade HR-14	HRB-14	4	CANCELLED	2026-06-30 00:00:00	540000	2026-05-29 22:09:09.267	2026-06-02 12:27:05.706	\N
cmpwmd7dj0011du9tm2o4ln1r	ORD-1780403653782	Narron Petrovci	\N			0	PENDING	2026-12-05 00:00:00	15500	2026-06-02 12:34:13.784	2026-07-20 16:15:39.055	cmpwl9rji0000du9tpezry2ch
\.


--
-- Data for Name: order_lines; Type: TABLE DATA; Schema: public; Owner: -
--

COPY public.order_lines (id, "orderId", "bladeProductId", "articleCode", "productName", qty, "createdAt") FROM stdin;
cmpwladhh0006du9t0uv9vcto	cmpwladhg0004du9tn77fxiqj	cmpwjmzq5000bcao1prkuo16l	RD001 EURO PALET	Rasperblade in palet	1200	2026-06-02 12:04:02.117
cmpwmd7dk0013du9tx295gwyh	cmpwmd7dj0011du9tm2o4ln1r	cmpwjmzqc000lcao1qp5gpht0	RDL011/1,4	Rasperblade	2000	2026-06-02 12:34:13.784
cmpwmd7dk0014du9tvdhg3099	cmpwmd7dj0011du9tm2o4ln1r	cmpwjmzq9000fcao1jiodf23g	RDG600/1,25	Rasperblade	2000	2026-06-02 12:34:13.784
cmrtficyi000jx7exz7wbkt9x	cmrtficyi000hx7exsgk0vt0a	cmpwjmzq5000bcao1prkuo16l	RD001 EURO PALET	Rasperblade in palet	123124	2026-07-20 16:18:23.131
\.


--
-- Data for Name: packaging_calculations; Type: TABLE DATA; Schema: public; Owner: -
--

COPY public.packaging_calculations (id, "articleCode", "productName", qty, "containerName", "requiredCrates", "fullCrates", towers, "netWeightKg", "crateWeightKg", "totalWeightKg", "footprintM2", "volumeM3", "weightFits", "areaFits", "volumeFits", "overallFits", "limitingFactors", "maxPiecesFit", "createdAt") FROM stdin;
cmpwlw6ix000vdu9tzottgr5b	RDL011 LARSSON	Rasperblade	2000	20ft	1	1	1	211	19.6	230.6	0.4884	0.107448	t	t	t	t	\N	242844	2026-06-02 12:20:59.53
cmpwlx30b000wdu9tfudzxc6r	RDL011 LARSSON	Rasperblade	20000	20ft	10	10	2	2110	196	2306	0.9768	1.07448	t	t	t	t	\N	242844	2026-06-02 12:21:41.628
cmpwlx5gm000xdu9tpy6hwl96	RDL011 LARSSON	Rasperblade	200000	20ft	100	100	20	21100	1960	23060	9.768	10.7448	t	t	t	t	\N	242844	2026-06-02 12:21:44.806
cmpwlx80s000ydu9t8swulyqe	RDL011 LARSSON	Rasperblade	2000000	20ft	1000	1000	200	211000	19600	230600	97.68	107.448	f	f	f	f	weight, floor area, volume	242844	2026-06-02 12:21:48.124
cmpwlxcay000zdu9tnb4gd1ij	RDL011 LARSSON	Rasperblade	200000	20ft	100	100	20	21100	1960	23060	9.768	10.7448	t	t	t	t	\N	242844	2026-06-02 12:21:53.674
\.


--
-- Data for Name: product_material_requirements; Type: TABLE DATA; Schema: public; Owner: -
--

COPY public.product_material_requirements (id, "productId", "materialId", name, "qtyValue", "qtyUnit") FROM stdin;
\.


--
-- Data for Name: sessions; Type: TABLE DATA; Schema: public; Owner: -
--

COPY public.sessions (id, "userId", "expiresAt", "createdAt") FROM stdin;
\.


--
-- Data for Name: stock_movements; Type: TABLE DATA; Schema: public; Owner: -
--

COPY public.stock_movements (id, "materialId", type, "qtyDelta", unit, note, "createdAt") FROM stdin;
\.


--
-- Data for Name: suppliers; Type: TABLE DATA; Schema: public; Owner: -
--

COPY public.suppliers (id, code, name, contact, email, phone, country, "leadTimeDays", "onTimeRate", status, "createdAt", "updatedAt") FROM stdin;
\.


--
-- Data for Name: supplier_materials; Type: TABLE DATA; Schema: public; Owner: -
--

COPY public.supplier_materials (id, "supplierId", "materialId") FROM stdin;
\.


--
-- Data for Name: worker_requests; Type: TABLE DATA; Schema: public; Owner: -
--

COPY public.worker_requests (id, type, status, payload, "requestedById", "requestedAt", "reviewedById", "reviewedAt", "reviewerComment", "createdAt", "updatedAt") FROM stdin;
cmrtfeg1y0001x7exkeoae2dc	CREATE_PRODUCT	APPROVED	{"tpi": 17, "color": "GOLD", "widthMm": 123, "holeSize": "5", "lengthMm": 123, "punchedOn": "Both sides", "articleCode": "123gagaga", "crateTypeId": "cmpwjmzq20007cao1pmynr6pd", "pcsPerCrate": 1233, "productName": "test123", "thicknessMm": 123, "holeDistance": "12-1212-2", "maxCratesPerTower": 5, "weightAfterPunchingKg": 123, "weightBeforePunchingKg": 123}	cmprh55jk0001dmaal2brb1n9	2026-07-20 16:15:20.519	cmprh55jg0000dmaaros54xpj	2026-07-20 16:18:22.263	\N	2026-07-20 16:15:20.519	2026-07-20 16:18:22.268
cmrtffng20007x7exfqx7eobg	CREATE_ORDER	APPROVED	{"qty": 0, "lines": {"create": [{"qty": 123124, "articleCode": "RD001 EURO PALET", "productName": "Rasperblade in palet", "bladeProductId": "cmpwjmzq5000bcao1prkuo16l"}]}, "status": "PENDING", "dueDate": "2026-12-02T00:00:00.000Z", "customer": "Narron Petrovci", "valueEur": 123124124, "customerId": "cmpwl9rji0000du9tpezry2ch", "orderNumber": "ORD-1784564176735", "productCode": "", "productName": ""}	cmprh55jk0001dmaal2brb1n9	2026-07-20 16:16:16.755	cmprh55jg0000dmaaros54xpj	2026-07-20 16:18:23.129	\N	2026-07-20 16:16:16.755	2026-07-20 16:18:23.141
cmrtfg02r0009x7exfjmbevn7	CREATE_MATERIAL	APPROVED	{"code": "CF123", "name": "CARBON", "unit": "m³", "status": "IN_STOCK", "category": "Composite", "quantity": 1233}	cmprh55jk0001dmaal2brb1n9	2026-07-20 16:16:33.123	cmprh55jg0000dmaaros54xpj	2026-07-20 16:18:24.027	\N	2026-07-20 16:16:33.123	2026-07-20 16:18:24.035
\.


--
-- PostgreSQL database dump complete
--

\unrestrict VYOf6ReWnZFPe7xYMi555CENIUhkRBesS2eRvEC9ipA74lO8oseSf9UeTYyM5nH

